frame_mode,frame_cycles,rate_mhit_per_mutrig,clipped_to_physical_limit,offset_cycles,offset_frame,wait_to_next_frame_cycles,latency_min_cycles,latency_p50_cycles,latency_max_cycles,latency_max_frames
short,910,1.000,0,0,0.000000,910.000,918.000,936.200,954.400,1.048791
short,910,1.000,0,14,0.015385,896.000,904.000,921.920,939.840,1.032791
short,910,1.000,0,28,0.030769,882.000,890.000,907.640,925.280,1.016791
short,910,1.000,0,43,0.047253,867.000,875.000,892.340,909.680,0.999648
short,910,1.000,0,57,0.062637,853.000,861.000,878.060,895.120,0.983648
short,910,1.000,0,71,0.078022,839.000,847.000,863.780,880.560,0.967648
short,910,1.000,0,85,0.093407,825.000,833.000,849.500,866.000,0.951648
short,910,1.000,0,100,0.109890,810.000,818.000,834.200,850.400,0.934505
short,910,1.000,0,114,0.125275,796.000,804.000,819.920,835.840,0.918505
short,910,1.000,0,128,0.140659,782.000,790.000,805.640,821.280,0.902505
short,910,1.000,0,142,0.156044,768.000,776.000,791.360,806.720,0.886505
short,910,1.000,0,156,0.171429,754.000,762.000,777.080,792.160,0.870505
short,910,1.000,0,171,0.187912,739.000,747.000,761.780,776.560,0.853363
short,910,1.000,0,185,0.203297,725.000,733.000,747.500,762.000,0.837363
short,910,1.000,0,199,0.218681,711.000,719.000,733.220,747.440,0.821363
short,910,1.000,0,213,0.234066,697.000,705.000,718.940,732.880,0.805363
short,910,1.000,0,228,0.250549,682.000,690.000,703.640,717.280,0.788220
short,910,1.000,0,242,0.265934,668.000,676.000,689.360,702.720,0.772220
short,910,1.000,0,256,0.281319,654.000,662.000,675.080,688.160,0.756220
short,910,1.000,0,270,0.296703,640.000,648.000,660.800,673.600,0.740220
short,910,1.000,0,284,0.312088,626.000,634.000,646.520,659.040,0.724220
short,910,1.000,0,299,0.328571,611.000,619.000,631.220,643.440,0.707077
short,910,1.000,0,313,0.343956,597.000,605.000,616.940,628.880,0.691077
short,910,1.000,0,327,0.359341,583.000,591.000,602.660,614.320,0.675077
short,910,1.000,0,341,0.374725,569.000,577.000,588.380,599.760,0.659077
short,910,1.000,0,355,0.390110,555.000,563.000,574.100,585.200,0.643077
short,910,1.000,0,370,0.406593,540.000,548.000,558.800,569.600,0.625934
short,910,1.000,0,384,0.421978,526.000,534.000,544.520,555.040,0.609934
short,910,1.000,0,398,0.437363,512.000,520.000,530.240,540.480,0.593934
short,910,1.000,0,412,0.452747,498.000,506.000,515.960,525.920,0.577934
short,910,1.000,0,427,0.469231,483.000,491.000,500.660,510.320,0.560791
short,910,1.000,0,441,0.484615,469.000,477.000,486.380,495.760,0.544791
short,910,1.000,0,455,0.500000,455.000,463.000,472.100,481.200,0.528791
short,910,1.000,0,469,0.515385,441.000,449.000,457.820,466.640,0.512791
short,910,1.000,0,483,0.530769,427.000,435.000,443.540,452.080,0.496791
short,910,1.000,0,498,0.547253,412.000,420.000,428.240,436.480,0.479648
short,910,1.000,0,512,0.562637,398.000,406.000,413.960,421.920,0.463648
short,910,1.000,0,526,0.578022,384.000,392.000,399.680,407.360,0.447648
short,910,1.000,0,540,0.593407,370.000,378.000,385.400,392.800,0.431648
short,910,1.000,0,555,0.609890,355.000,363.000,370.100,377.200,0.414505
short,910,1.000,0,569,0.625275,341.000,349.000,355.820,362.640,0.398505
short,910,1.000,0,583,0.640659,327.000,335.000,341.540,348.080,0.382505
short,910,1.000,0,597,0.656044,313.000,321.000,327.260,333.520,0.366505
short,910,1.000,0,611,0.671429,299.000,307.000,312.980,318.960,0.350505
short,910,1.000,0,626,0.687912,284.000,292.000,297.680,303.360,0.333363
short,910,1.000,0,640,0.703297,270.000,278.000,283.400,288.800,0.317363
short,910,1.000,0,654,0.718681,256.000,264.000,269.120,274.240,0.301363
short,910,1.000,0,668,0.734066,242.000,250.000,254.840,259.680,0.285363
short,910,1.000,0,682,0.749451,228.000,236.000,240.560,245.120,0.269363
short,910,1.000,0,697,0.765934,213.000,221.000,225.260,229.520,0.252220
short,910,1.000,0,711,0.781319,199.000,207.000,210.980,214.960,0.236220
short,910,1.000,0,725,0.796703,185.000,193.000,196.700,200.400,0.220220
short,910,1.000,0,739,0.812088,171.000,179.000,182.420,185.840,0.204220
short,910,1.000,0,754,0.828571,156.000,164.000,167.120,170.240,0.187077
short,910,1.000,0,768,0.843956,142.000,150.000,152.840,155.680,0.171077
short,910,1.000,0,782,0.859341,128.000,136.000,138.560,141.120,0.155077
short,910,1.000,0,796,0.874725,114.000,122.000,124.280,126.560,0.139077
short,910,1.000,0,810,0.890110,100.000,108.000,110.000,112.000,0.123077
short,910,1.000,0,825,0.906593,85.000,93.000,94.700,96.400,0.105934
short,910,1.000,0,839,0.921978,71.000,79.000,80.420,81.840,0.089934
short,910,1.000,0,853,0.937363,57.000,65.000,66.140,67.280,0.073934
short,910,1.000,0,867,0.952747,43.000,51.000,51.860,52.720,0.057934
short,910,1.000,0,882,0.969231,28.000,36.000,36.560,37.120,0.040791
short,910,1.000,0,896,0.984615,14.000,22.000,22.280,22.560,0.024791
short,910,1.000,0,910,1.000000,0.000,8.000,8.000,8.000,0.008791
short,910,10.000,0,0,0.000000,910.000,918.000,1100.000,1282.000,1.408791
short,910,10.000,0,14,0.015385,896.000,904.000,1083.200,1262.400,1.387253
short,910,10.000,0,28,0.030769,882.000,890.000,1066.400,1242.800,1.365714
short,910,10.000,0,43,0.047253,867.000,875.000,1048.400,1221.800,1.342637
short,910,10.000,0,57,0.062637,853.000,861.000,1031.600,1202.200,1.321099
short,910,10.000,0,71,0.078022,839.000,847.000,1014.800,1182.600,1.299560
short,910,10.000,0,85,0.093407,825.000,833.000,998.000,1163.000,1.278022
short,910,10.000,0,100,0.109890,810.000,818.000,980.000,1142.000,1.254945
short,910,10.000,0,114,0.125275,796.000,804.000,963.200,1122.400,1.233407
short,910,10.000,0,128,0.140659,782.000,790.000,946.400,1102.800,1.211868
short,910,10.000,0,142,0.156044,768.000,776.000,929.600,1083.200,1.190330
short,910,10.000,0,156,0.171429,754.000,762.000,912.800,1063.600,1.168791
short,910,10.000,0,171,0.187912,739.000,747.000,894.800,1042.600,1.145714
short,910,10.000,0,185,0.203297,725.000,733.000,878.000,1023.000,1.124176
short,910,10.000,0,199,0.218681,711.000,719.000,861.200,1003.400,1.102637
short,910,10.000,0,213,0.234066,697.000,705.000,844.400,983.800,1.081099
short,910,10.000,0,228,0.250549,682.000,690.000,826.400,962.800,1.058022
short,910,10.000,0,242,0.265934,668.000,676.000,809.600,943.200,1.036484
short,910,10.000,0,256,0.281319,654.000,662.000,792.800,923.600,1.014945
short,910,10.000,0,270,0.296703,640.000,648.000,776.000,904.000,0.993407
short,910,10.000,0,284,0.312088,626.000,634.000,759.200,884.400,0.971868
short,910,10.000,0,299,0.328571,611.000,619.000,741.200,863.400,0.948791
short,910,10.000,0,313,0.343956,597.000,605.000,724.400,843.800,0.927253
short,910,10.000,0,327,0.359341,583.000,591.000,707.600,824.200,0.905714
short,910,10.000,0,341,0.374725,569.000,577.000,690.800,804.600,0.884176
short,910,10.000,0,355,0.390110,555.000,563.000,674.000,785.000,0.862637
short,910,10.000,0,370,0.406593,540.000,548.000,656.000,764.000,0.839560
short,910,10.000,0,384,0.421978,526.000,534.000,639.200,744.400,0.818022
short,910,10.000,0,398,0.437363,512.000,520.000,622.400,724.800,0.796484
short,910,10.000,0,412,0.452747,498.000,506.000,605.600,705.200,0.774945
short,910,10.000,0,427,0.469231,483.000,491.000,587.600,684.200,0.751868
short,910,10.000,0,441,0.484615,469.000,477.000,570.800,664.600,0.730330
short,910,10.000,0,455,0.500000,455.000,463.000,554.000,645.000,0.708791
short,910,10.000,0,469,0.515385,441.000,449.000,537.200,625.400,0.687253
short,910,10.000,0,483,0.530769,427.000,435.000,520.400,605.800,0.665714
short,910,10.000,0,498,0.547253,412.000,420.000,502.400,584.800,0.642637
short,910,10.000,0,512,0.562637,398.000,406.000,485.600,565.200,0.621099
short,910,10.000,0,526,0.578022,384.000,392.000,468.800,545.600,0.599560
short,910,10.000,0,540,0.593407,370.000,378.000,452.000,526.000,0.578022
short,910,10.000,0,555,0.609890,355.000,363.000,434.000,505.000,0.554945
short,910,10.000,0,569,0.625275,341.000,349.000,417.200,485.400,0.533407
short,910,10.000,0,583,0.640659,327.000,335.000,400.400,465.800,0.511868
short,910,10.000,0,597,0.656044,313.000,321.000,383.600,446.200,0.490330
short,910,10.000,0,611,0.671429,299.000,307.000,366.800,426.600,0.468791
short,910,10.000,0,626,0.687912,284.000,292.000,348.800,405.600,0.445714
short,910,10.000,0,640,0.703297,270.000,278.000,332.000,386.000,0.424176
short,910,10.000,0,654,0.718681,256.000,264.000,315.200,366.400,0.402637
short,910,10.000,0,668,0.734066,242.000,250.000,298.400,346.800,0.381099
short,910,10.000,0,682,0.749451,228.000,236.000,281.600,327.200,0.359560
short,910,10.000,0,697,0.765934,213.000,221.000,263.600,306.200,0.336484
short,910,10.000,0,711,0.781319,199.000,207.000,246.800,286.600,0.314945
short,910,10.000,0,725,0.796703,185.000,193.000,230.000,267.000,0.293407
short,910,10.000,0,739,0.812088,171.000,179.000,213.200,247.400,0.271868
short,910,10.000,0,754,0.828571,156.000,164.000,195.200,226.400,0.248791
short,910,10.000,0,768,0.843956,142.000,150.000,178.400,206.800,0.227253
short,910,10.000,0,782,0.859341,128.000,136.000,161.600,187.200,0.205714
short,910,10.000,0,796,0.874725,114.000,122.000,144.800,167.600,0.184176
short,910,10.000,0,810,0.890110,100.000,108.000,128.000,148.000,0.162637
short,910,10.000,0,825,0.906593,85.000,93.000,110.000,127.000,0.139560
short,910,10.000,0,839,0.921978,71.000,79.000,93.200,107.400,0.118022
short,910,10.000,0,853,0.937363,57.000,65.000,76.400,87.800,0.096484
short,910,10.000,0,867,0.952747,43.000,51.000,59.600,68.200,0.074945
short,910,10.000,0,882,0.969231,28.000,36.000,41.600,47.200,0.051868
short,910,10.000,0,896,0.984615,14.000,22.000,24.800,27.600,0.030330
short,910,10.000,0,910,1.000000,0.000,8.000,8.000,8.000,0.008791
short,910,20.000,0,0,0.000000,910.000,918.000,1282.000,1646.000,1.808791
short,910,20.000,0,14,0.015385,896.000,904.000,1262.400,1620.800,1.781099
short,910,20.000,0,28,0.030769,882.000,890.000,1242.800,1595.600,1.753407
short,910,20.000,0,43,0.047253,867.000,875.000,1221.800,1568.600,1.723736
short,910,20.000,0,57,0.062637,853.000,861.000,1202.200,1543.400,1.696044
short,910,20.000,0,71,0.078022,839.000,847.000,1182.600,1518.200,1.668352
short,910,20.000,0,85,0.093407,825.000,833.000,1163.000,1493.000,1.640659
short,910,20.000,0,100,0.109890,810.000,818.000,1142.000,1466.000,1.610989
short,910,20.000,0,114,0.125275,796.000,804.000,1122.400,1440.800,1.583297
short,910,20.000,0,128,0.140659,782.000,790.000,1102.800,1415.600,1.555604
short,910,20.000,0,142,0.156044,768.000,776.000,1083.200,1390.400,1.527912
short,910,20.000,0,156,0.171429,754.000,762.000,1063.600,1365.200,1.500220
short,910,20.000,0,171,0.187912,739.000,747.000,1042.600,1338.200,1.470549
short,910,20.000,0,185,0.203297,725.000,733.000,1023.000,1313.000,1.442857
short,910,20.000,0,199,0.218681,711.000,719.000,1003.400,1287.800,1.415165
short,910,20.000,0,213,0.234066,697.000,705.000,983.800,1262.600,1.387473
short,910,20.000,0,228,0.250549,682.000,690.000,962.800,1235.600,1.357802
short,910,20.000,0,242,0.265934,668.000,676.000,943.200,1210.400,1.330110
short,910,20.000,0,256,0.281319,654.000,662.000,923.600,1185.200,1.302418
short,910,20.000,0,270,0.296703,640.000,648.000,904.000,1160.000,1.274725
short,910,20.000,0,284,0.312088,626.000,634.000,884.400,1134.800,1.247033
short,910,20.000,0,299,0.328571,611.000,619.000,863.400,1107.800,1.217363
short,910,20.000,0,313,0.343956,597.000,605.000,843.800,1082.600,1.189670
short,910,20.000,0,327,0.359341,583.000,591.000,824.200,1057.400,1.161978
short,910,20.000,0,341,0.374725,569.000,577.000,804.600,1032.200,1.134286
short,910,20.000,0,355,0.390110,555.000,563.000,785.000,1007.000,1.106593
short,910,20.000,0,370,0.406593,540.000,548.000,764.000,980.000,1.076923
short,910,20.000,0,384,0.421978,526.000,534.000,744.400,954.800,1.049231
short,910,20.000,0,398,0.437363,512.000,520.000,724.800,929.600,1.021538
short,910,20.000,0,412,0.452747,498.000,506.000,705.200,904.400,0.993846
short,910,20.000,0,427,0.469231,483.000,491.000,684.200,877.400,0.964176
short,910,20.000,0,441,0.484615,469.000,477.000,664.600,852.200,0.936484
short,910,20.000,0,455,0.500000,455.000,463.000,645.000,827.000,0.908791
short,910,20.000,0,469,0.515385,441.000,449.000,625.400,801.800,0.881099
short,910,20.000,0,483,0.530769,427.000,435.000,605.800,776.600,0.853407
short,910,20.000,0,498,0.547253,412.000,420.000,584.800,749.600,0.823736
short,910,20.000,0,512,0.562637,398.000,406.000,565.200,724.400,0.796044
short,910,20.000,0,526,0.578022,384.000,392.000,545.600,699.200,0.768352
short,910,20.000,0,540,0.593407,370.000,378.000,526.000,674.000,0.740659
short,910,20.000,0,555,0.609890,355.000,363.000,505.000,647.000,0.710989
short,910,20.000,0,569,0.625275,341.000,349.000,485.400,621.800,0.683297
short,910,20.000,0,583,0.640659,327.000,335.000,465.800,596.600,0.655604
short,910,20.000,0,597,0.656044,313.000,321.000,446.200,571.400,0.627912
short,910,20.000,0,611,0.671429,299.000,307.000,426.600,546.200,0.600220
short,910,20.000,0,626,0.687912,284.000,292.000,405.600,519.200,0.570549
short,910,20.000,0,640,0.703297,270.000,278.000,386.000,494.000,0.542857
short,910,20.000,0,654,0.718681,256.000,264.000,366.400,468.800,0.515165
short,910,20.000,0,668,0.734066,242.000,250.000,346.800,443.600,0.487473
short,910,20.000,0,682,0.749451,228.000,236.000,327.200,418.400,0.459780
short,910,20.000,0,697,0.765934,213.000,221.000,306.200,391.400,0.430110
short,910,20.000,0,711,0.781319,199.000,207.000,286.600,366.200,0.402418
short,910,20.000,0,725,0.796703,185.000,193.000,267.000,341.000,0.374725
short,910,20.000,0,739,0.812088,171.000,179.000,247.400,315.800,0.347033
short,910,20.000,0,754,0.828571,156.000,164.000,226.400,288.800,0.317363
short,910,20.000,0,768,0.843956,142.000,150.000,206.800,263.600,0.289670
short,910,20.000,0,782,0.859341,128.000,136.000,187.200,238.400,0.261978
short,910,20.000,0,796,0.874725,114.000,122.000,167.600,213.200,0.234286
short,910,20.000,0,810,0.890110,100.000,108.000,148.000,188.000,0.206593
short,910,20.000,0,825,0.906593,85.000,93.000,127.000,161.000,0.176923
short,910,20.000,0,839,0.921978,71.000,79.000,107.400,135.800,0.149231
short,910,20.000,0,853,0.937363,57.000,65.000,87.800,110.600,0.121538
short,910,20.000,0,867,0.952747,43.000,51.000,68.200,85.400,0.093846
short,910,20.000,0,882,0.969231,28.000,36.000,47.200,58.400,0.064176
short,910,20.000,0,896,0.984615,14.000,22.000,27.600,33.200,0.036484
short,910,20.000,0,910,1.000000,0.000,8.000,8.000,8.000,0.008791
short,910,25.000,0,0,0.000000,910.000,918.000,1373.000,1828.000,2.008791
short,910,25.000,0,14,0.015385,896.000,904.000,1352.000,1800.000,1.978022
short,910,25.000,0,28,0.030769,882.000,890.000,1331.000,1772.000,1.947253
short,910,25.000,0,43,0.047253,867.000,875.000,1308.500,1742.000,1.914286
short,910,25.000,0,57,0.062637,853.000,861.000,1287.500,1714.000,1.883516
short,910,25.000,0,71,0.078022,839.000,847.000,1266.500,1686.000,1.852747
short,910,25.000,0,85,0.093407,825.000,833.000,1245.500,1658.000,1.821978
short,910,25.000,0,100,0.109890,810.000,818.000,1223.000,1628.000,1.789011
short,910,25.000,0,114,0.125275,796.000,804.000,1202.000,1600.000,1.758242
short,910,25.000,0,128,0.140659,782.000,790.000,1181.000,1572.000,1.727473
short,910,25.000,0,142,0.156044,768.000,776.000,1160.000,1544.000,1.696703
short,910,25.000,0,156,0.171429,754.000,762.000,1139.000,1516.000,1.665934
short,910,25.000,0,171,0.187912,739.000,747.000,1116.500,1486.000,1.632967
short,910,25.000,0,185,0.203297,725.000,733.000,1095.500,1458.000,1.602198
short,910,25.000,0,199,0.218681,711.000,719.000,1074.500,1430.000,1.571429
short,910,25.000,0,213,0.234066,697.000,705.000,1053.500,1402.000,1.540659
short,910,25.000,0,228,0.250549,682.000,690.000,1031.000,1372.000,1.507692
short,910,25.000,0,242,0.265934,668.000,676.000,1010.000,1344.000,1.476923
short,910,25.000,0,256,0.281319,654.000,662.000,989.000,1316.000,1.446154
short,910,25.000,0,270,0.296703,640.000,648.000,968.000,1288.000,1.415385
short,910,25.000,0,284,0.312088,626.000,634.000,947.000,1260.000,1.384615
short,910,25.000,0,299,0.328571,611.000,619.000,924.500,1230.000,1.351648
short,910,25.000,0,313,0.343956,597.000,605.000,903.500,1202.000,1.320879
short,910,25.000,0,327,0.359341,583.000,591.000,882.500,1174.000,1.290110
short,910,25.000,0,341,0.374725,569.000,577.000,861.500,1146.000,1.259341
short,910,25.000,0,355,0.390110,555.000,563.000,840.500,1118.000,1.228571
short,910,25.000,0,370,0.406593,540.000,548.000,818.000,1088.000,1.195604
short,910,25.000,0,384,0.421978,526.000,534.000,797.000,1060.000,1.164835
short,910,25.000,0,398,0.437363,512.000,520.000,776.000,1032.000,1.134066
short,910,25.000,0,412,0.452747,498.000,506.000,755.000,1004.000,1.103297
short,910,25.000,0,427,0.469231,483.000,491.000,732.500,974.000,1.070330
short,910,25.000,0,441,0.484615,469.000,477.000,711.500,946.000,1.039560
short,910,25.000,0,455,0.500000,455.000,463.000,690.500,918.000,1.008791
short,910,25.000,0,469,0.515385,441.000,449.000,669.500,890.000,0.978022
short,910,25.000,0,483,0.530769,427.000,435.000,648.500,862.000,0.947253
short,910,25.000,0,498,0.547253,412.000,420.000,626.000,832.000,0.914286
short,910,25.000,0,512,0.562637,398.000,406.000,605.000,804.000,0.883516
short,910,25.000,0,526,0.578022,384.000,392.000,584.000,776.000,0.852747
short,910,25.000,0,540,0.593407,370.000,378.000,563.000,748.000,0.821978
short,910,25.000,0,555,0.609890,355.000,363.000,540.500,718.000,0.789011
short,910,25.000,0,569,0.625275,341.000,349.000,519.500,690.000,0.758242
short,910,25.000,0,583,0.640659,327.000,335.000,498.500,662.000,0.727473
short,910,25.000,0,597,0.656044,313.000,321.000,477.500,634.000,0.696703
short,910,25.000,0,611,0.671429,299.000,307.000,456.500,606.000,0.665934
short,910,25.000,0,626,0.687912,284.000,292.000,434.000,576.000,0.632967
short,910,25.000,0,640,0.703297,270.000,278.000,413.000,548.000,0.602198
short,910,25.000,0,654,0.718681,256.000,264.000,392.000,520.000,0.571429
short,910,25.000,0,668,0.734066,242.000,250.000,371.000,492.000,0.540659
short,910,25.000,0,682,0.749451,228.000,236.000,350.000,464.000,0.509890
short,910,25.000,0,697,0.765934,213.000,221.000,327.500,434.000,0.476923
short,910,25.000,0,711,0.781319,199.000,207.000,306.500,406.000,0.446154
short,910,25.000,0,725,0.796703,185.000,193.000,285.500,378.000,0.415385
short,910,25.000,0,739,0.812088,171.000,179.000,264.500,350.000,0.384615
short,910,25.000,0,754,0.828571,156.000,164.000,242.000,320.000,0.351648
short,910,25.000,0,768,0.843956,142.000,150.000,221.000,292.000,0.320879
short,910,25.000,0,782,0.859341,128.000,136.000,200.000,264.000,0.290110
short,910,25.000,0,796,0.874725,114.000,122.000,179.000,236.000,0.259341
short,910,25.000,0,810,0.890110,100.000,108.000,158.000,208.000,0.228571
short,910,25.000,0,825,0.906593,85.000,93.000,135.500,178.000,0.195604
short,910,25.000,0,839,0.921978,71.000,79.000,114.500,150.000,0.164835
short,910,25.000,0,853,0.937363,57.000,65.000,93.500,122.000,0.134066
short,910,25.000,0,867,0.952747,43.000,51.000,72.500,94.000,0.103297
short,910,25.000,0,882,0.969231,28.000,36.000,50.000,64.000,0.070330
short,910,25.000,0,896,0.984615,14.000,22.000,29.000,36.000,0.039560
short,910,25.000,0,910,1.000000,0.000,8.000,8.000,8.000,0.008791
short,910,30.000,1,0,0.000000,910.000,918.000,1373.000,1828.000,2.008791
short,910,30.000,1,14,0.015385,896.000,904.000,1352.000,1800.000,1.978022
short,910,30.000,1,28,0.030769,882.000,890.000,1331.000,1772.000,1.947253
short,910,30.000,1,43,0.047253,867.000,875.000,1308.500,1742.000,1.914286
short,910,30.000,1,57,0.062637,853.000,861.000,1287.500,1714.000,1.883516
short,910,30.000,1,71,0.078022,839.000,847.000,1266.500,1686.000,1.852747
short,910,30.000,1,85,0.093407,825.000,833.000,1245.500,1658.000,1.821978
short,910,30.000,1,100,0.109890,810.000,818.000,1223.000,1628.000,1.789011
short,910,30.000,1,114,0.125275,796.000,804.000,1202.000,1600.000,1.758242
short,910,30.000,1,128,0.140659,782.000,790.000,1181.000,1572.000,1.727473
short,910,30.000,1,142,0.156044,768.000,776.000,1160.000,1544.000,1.696703
short,910,30.000,1,156,0.171429,754.000,762.000,1139.000,1516.000,1.665934
short,910,30.000,1,171,0.187912,739.000,747.000,1116.500,1486.000,1.632967
short,910,30.000,1,185,0.203297,725.000,733.000,1095.500,1458.000,1.602198
short,910,30.000,1,199,0.218681,711.000,719.000,1074.500,1430.000,1.571429
short,910,30.000,1,213,0.234066,697.000,705.000,1053.500,1402.000,1.540659
short,910,30.000,1,228,0.250549,682.000,690.000,1031.000,1372.000,1.507692
short,910,30.000,1,242,0.265934,668.000,676.000,1010.000,1344.000,1.476923
short,910,30.000,1,256,0.281319,654.000,662.000,989.000,1316.000,1.446154
short,910,30.000,1,270,0.296703,640.000,648.000,968.000,1288.000,1.415385
short,910,30.000,1,284,0.312088,626.000,634.000,947.000,1260.000,1.384615
short,910,30.000,1,299,0.328571,611.000,619.000,924.500,1230.000,1.351648
short,910,30.000,1,313,0.343956,597.000,605.000,903.500,1202.000,1.320879
short,910,30.000,1,327,0.359341,583.000,591.000,882.500,1174.000,1.290110
short,910,30.000,1,341,0.374725,569.000,577.000,861.500,1146.000,1.259341
short,910,30.000,1,355,0.390110,555.000,563.000,840.500,1118.000,1.228571
short,910,30.000,1,370,0.406593,540.000,548.000,818.000,1088.000,1.195604
short,910,30.000,1,384,0.421978,526.000,534.000,797.000,1060.000,1.164835
short,910,30.000,1,398,0.437363,512.000,520.000,776.000,1032.000,1.134066
short,910,30.000,1,412,0.452747,498.000,506.000,755.000,1004.000,1.103297
short,910,30.000,1,427,0.469231,483.000,491.000,732.500,974.000,1.070330
short,910,30.000,1,441,0.484615,469.000,477.000,711.500,946.000,1.039560
short,910,30.000,1,455,0.500000,455.000,463.000,690.500,918.000,1.008791
short,910,30.000,1,469,0.515385,441.000,449.000,669.500,890.000,0.978022
short,910,30.000,1,483,0.530769,427.000,435.000,648.500,862.000,0.947253
short,910,30.000,1,498,0.547253,412.000,420.000,626.000,832.000,0.914286
short,910,30.000,1,512,0.562637,398.000,406.000,605.000,804.000,0.883516
short,910,30.000,1,526,0.578022,384.000,392.000,584.000,776.000,0.852747
short,910,30.000,1,540,0.593407,370.000,378.000,563.000,748.000,0.821978
short,910,30.000,1,555,0.609890,355.000,363.000,540.500,718.000,0.789011
short,910,30.000,1,569,0.625275,341.000,349.000,519.500,690.000,0.758242
short,910,30.000,1,583,0.640659,327.000,335.000,498.500,662.000,0.727473
short,910,30.000,1,597,0.656044,313.000,321.000,477.500,634.000,0.696703
short,910,30.000,1,611,0.671429,299.000,307.000,456.500,606.000,0.665934
short,910,30.000,1,626,0.687912,284.000,292.000,434.000,576.000,0.632967
short,910,30.000,1,640,0.703297,270.000,278.000,413.000,548.000,0.602198
short,910,30.000,1,654,0.718681,256.000,264.000,392.000,520.000,0.571429
short,910,30.000,1,668,0.734066,242.000,250.000,371.000,492.000,0.540659
short,910,30.000,1,682,0.749451,228.000,236.000,350.000,464.000,0.509890
short,910,30.000,1,697,0.765934,213.000,221.000,327.500,434.000,0.476923
short,910,30.000,1,711,0.781319,199.000,207.000,306.500,406.000,0.446154
short,910,30.000,1,725,0.796703,185.000,193.000,285.500,378.000,0.415385
short,910,30.000,1,739,0.812088,171.000,179.000,264.500,350.000,0.384615
short,910,30.000,1,754,0.828571,156.000,164.000,242.000,320.000,0.351648
short,910,30.000,1,768,0.843956,142.000,150.000,221.000,292.000,0.320879
short,910,30.000,1,782,0.859341,128.000,136.000,200.000,264.000,0.290110
short,910,30.000,1,796,0.874725,114.000,122.000,179.000,236.000,0.259341
short,910,30.000,1,810,0.890110,100.000,108.000,158.000,208.000,0.228571
short,910,30.000,1,825,0.906593,85.000,93.000,135.500,178.000,0.195604
short,910,30.000,1,839,0.921978,71.000,79.000,114.500,150.000,0.164835
short,910,30.000,1,853,0.937363,57.000,65.000,93.500,122.000,0.134066
short,910,30.000,1,867,0.952747,43.000,51.000,72.500,94.000,0.103297
short,910,30.000,1,882,0.969231,28.000,36.000,50.000,64.000,0.070330
short,910,30.000,1,896,0.984615,14.000,22.000,29.000,36.000,0.039560
short,910,30.000,1,910,1.000000,0.000,8.000,8.000,8.000,0.008791
long,1550,1.000,0,0,0.000000,1550.000,1558.000,1589.000,1620.000,1.045161
long,1550,1.000,0,24,0.015484,1526.000,1534.000,1564.520,1595.040,1.029058
long,1550,1.000,0,48,0.030968,1502.000,1510.000,1540.040,1570.080,1.012955
long,1550,1.000,0,73,0.047097,1477.000,1485.000,1514.540,1544.080,0.996181
long,1550,1.000,0,97,0.062581,1453.000,1461.000,1490.060,1519.120,0.980077
long,1550,1.000,0,121,0.078065,1429.000,1437.000,1465.580,1494.160,0.963974
long,1550,1.000,0,145,0.093548,1405.000,1413.000,1441.100,1469.200,0.947871
long,1550,1.000,0,170,0.109677,1380.000,1388.000,1415.600,1443.200,0.931097
long,1550,1.000,0,194,0.125161,1356.000,1364.000,1391.120,1418.240,0.914994
long,1550,1.000,0,218,0.140645,1332.000,1340.000,1366.640,1393.280,0.898890
long,1550,1.000,0,242,0.156129,1308.000,1316.000,1342.160,1368.320,0.882787
long,1550,1.000,0,266,0.171613,1284.000,1292.000,1317.680,1343.360,0.866684
long,1550,1.000,0,291,0.187742,1259.000,1267.000,1292.180,1317.360,0.849910
long,1550,1.000,0,315,0.203226,1235.000,1243.000,1267.700,1292.400,0.833806
long,1550,1.000,0,339,0.218710,1211.000,1219.000,1243.220,1267.440,0.817703
long,1550,1.000,0,363,0.234194,1187.000,1195.000,1218.740,1242.480,0.801600
long,1550,1.000,0,388,0.250323,1162.000,1170.000,1193.240,1216.480,0.784826
long,1550,1.000,0,412,0.265806,1138.000,1146.000,1168.760,1191.520,0.768723
long,1550,1.000,0,436,0.281290,1114.000,1122.000,1144.280,1166.560,0.752619
long,1550,1.000,0,460,0.296774,1090.000,1098.000,1119.800,1141.600,0.736516
long,1550,1.000,0,484,0.312258,1066.000,1074.000,1095.320,1116.640,0.720413
long,1550,1.000,0,509,0.328387,1041.000,1049.000,1069.820,1090.640,0.703639
long,1550,1.000,0,533,0.343871,1017.000,1025.000,1045.340,1065.680,0.687535
long,1550,1.000,0,557,0.359355,993.000,1001.000,1020.860,1040.720,0.671432
long,1550,1.000,0,581,0.374839,969.000,977.000,996.380,1015.760,0.655329
long,1550,1.000,0,605,0.390323,945.000,953.000,971.900,990.800,0.639226
long,1550,1.000,0,630,0.406452,920.000,928.000,946.400,964.800,0.622452
long,1550,1.000,0,654,0.421935,896.000,904.000,921.920,939.840,0.606348
long,1550,1.000,0,678,0.437419,872.000,880.000,897.440,914.880,0.590245
long,1550,1.000,0,702,0.452903,848.000,856.000,872.960,889.920,0.574142
long,1550,1.000,0,727,0.469032,823.000,831.000,847.460,863.920,0.557368
long,1550,1.000,0,751,0.484516,799.000,807.000,822.980,838.960,0.541265
long,1550,1.000,0,775,0.500000,775.000,783.000,798.500,814.000,0.525161
long,1550,1.000,0,799,0.515484,751.000,759.000,774.020,789.040,0.509058
long,1550,1.000,0,823,0.530968,727.000,735.000,749.540,764.080,0.492955
long,1550,1.000,0,848,0.547097,702.000,710.000,724.040,738.080,0.476181
long,1550,1.000,0,872,0.562581,678.000,686.000,699.560,713.120,0.460077
long,1550,1.000,0,896,0.578065,654.000,662.000,675.080,688.160,0.443974
long,1550,1.000,0,920,0.593548,630.000,638.000,650.600,663.200,0.427871
long,1550,1.000,0,945,0.609677,605.000,613.000,625.100,637.200,0.411097
long,1550,1.000,0,969,0.625161,581.000,589.000,600.620,612.240,0.394994
long,1550,1.000,0,993,0.640645,557.000,565.000,576.140,587.280,0.378890
long,1550,1.000,0,1017,0.656129,533.000,541.000,551.660,562.320,0.362787
long,1550,1.000,0,1041,0.671613,509.000,517.000,527.180,537.360,0.346684
long,1550,1.000,0,1066,0.687742,484.000,492.000,501.680,511.360,0.329910
long,1550,1.000,0,1090,0.703226,460.000,468.000,477.200,486.400,0.313806
long,1550,1.000,0,1114,0.718710,436.000,444.000,452.720,461.440,0.297703
long,1550,1.000,0,1138,0.734194,412.000,420.000,428.240,436.480,0.281600
long,1550,1.000,0,1162,0.749677,388.000,396.000,403.760,411.520,0.265497
long,1550,1.000,0,1187,0.765806,363.000,371.000,378.260,385.520,0.248723
long,1550,1.000,0,1211,0.781290,339.000,347.000,353.780,360.560,0.232619
long,1550,1.000,0,1235,0.796774,315.000,323.000,329.300,335.600,0.216516
long,1550,1.000,0,1259,0.812258,291.000,299.000,304.820,310.640,0.200413
long,1550,1.000,0,1284,0.828387,266.000,274.000,279.320,284.640,0.183639
long,1550,1.000,0,1308,0.843871,242.000,250.000,254.840,259.680,0.167535
long,1550,1.000,0,1332,0.859355,218.000,226.000,230.360,234.720,0.151432
long,1550,1.000,0,1356,0.874839,194.000,202.000,205.880,209.760,0.135329
long,1550,1.000,0,1380,0.890323,170.000,178.000,181.400,184.800,0.119226
long,1550,1.000,0,1405,0.906452,145.000,153.000,155.900,158.800,0.102452
long,1550,1.000,0,1429,0.921935,121.000,129.000,131.420,133.840,0.086348
long,1550,1.000,0,1453,0.937419,97.000,105.000,106.940,108.880,0.070245
long,1550,1.000,0,1477,0.952903,73.000,81.000,82.460,83.920,0.054142
long,1550,1.000,0,1502,0.969032,48.000,56.000,56.960,57.920,0.037368
long,1550,1.000,0,1526,0.984516,24.000,32.000,32.480,32.960,0.021265
long,1550,1.000,0,1550,1.000000,0.000,8.000,8.000,8.000,0.005161
long,1550,10.000,0,0,0.000000,1550.000,1558.000,1868.000,2178.000,1.405161
long,1550,10.000,0,24,0.015484,1526.000,1534.000,1839.200,2144.400,1.383484
long,1550,10.000,0,48,0.030968,1502.000,1510.000,1810.400,2110.800,1.361806
long,1550,10.000,0,73,0.047097,1477.000,1485.000,1780.400,2075.800,1.339226
long,1550,10.000,0,97,0.062581,1453.000,1461.000,1751.600,2042.200,1.317548
long,1550,10.000,0,121,0.078065,1429.000,1437.000,1722.800,2008.600,1.295871
long,1550,10.000,0,145,0.093548,1405.000,1413.000,1694.000,1975.000,1.274194
long,1550,10.000,0,170,0.109677,1380.000,1388.000,1664.000,1940.000,1.251613
long,1550,10.000,0,194,0.125161,1356.000,1364.000,1635.200,1906.400,1.229935
long,1550,10.000,0,218,0.140645,1332.000,1340.000,1606.400,1872.800,1.208258
long,1550,10.000,0,242,0.156129,1308.000,1316.000,1577.600,1839.200,1.186581
long,1550,10.000,0,266,0.171613,1284.000,1292.000,1548.800,1805.600,1.164903
long,1550,10.000,0,291,0.187742,1259.000,1267.000,1518.800,1770.600,1.142323
long,1550,10.000,0,315,0.203226,1235.000,1243.000,1490.000,1737.000,1.120645
long,1550,10.000,0,339,0.218710,1211.000,1219.000,1461.200,1703.400,1.098968
long,1550,10.000,0,363,0.234194,1187.000,1195.000,1432.400,1669.800,1.077290
long,1550,10.000,0,388,0.250323,1162.000,1170.000,1402.400,1634.800,1.054710
long,1550,10.000,0,412,0.265806,1138.000,1146.000,1373.600,1601.200,1.033032
long,1550,10.000,0,436,0.281290,1114.000,1122.000,1344.800,1567.600,1.011355
long,1550,10.000,0,460,0.296774,1090.000,1098.000,1316.000,1534.000,0.989677
long,1550,10.000,0,484,0.312258,1066.000,1074.000,1287.200,1500.400,0.968000
long,1550,10.000,0,509,0.328387,1041.000,1049.000,1257.200,1465.400,0.945419
long,1550,10.000,0,533,0.343871,1017.000,1025.000,1228.400,1431.800,0.923742
long,1550,10.000,0,557,0.359355,993.000,1001.000,1199.600,1398.200,0.902065
long,1550,10.000,0,581,0.374839,969.000,977.000,1170.800,1364.600,0.880387
long,1550,10.000,0,605,0.390323,945.000,953.000,1142.000,1331.000,0.858710
long,1550,10.000,0,630,0.406452,920.000,928.000,1112.000,1296.000,0.836129
long,1550,10.000,0,654,0.421935,896.000,904.000,1083.200,1262.400,0.814452
long,1550,10.000,0,678,0.437419,872.000,880.000,1054.400,1228.800,0.792774
long,1550,10.000,0,702,0.452903,848.000,856.000,1025.600,1195.200,0.771097
long,1550,10.000,0,727,0.469032,823.000,831.000,995.600,1160.200,0.748516
long,1550,10.000,0,751,0.484516,799.000,807.000,966.800,1126.600,0.726839
long,1550,10.000,0,775,0.500000,775.000,783.000,938.000,1093.000,0.705161
long,1550,10.000,0,799,0.515484,751.000,759.000,909.200,1059.400,0.683484
long,1550,10.000,0,823,0.530968,727.000,735.000,880.400,1025.800,0.661806
long,1550,10.000,0,848,0.547097,702.000,710.000,850.400,990.800,0.639226
long,1550,10.000,0,872,0.562581,678.000,686.000,821.600,957.200,0.617548
long,1550,10.000,0,896,0.578065,654.000,662.000,792.800,923.600,0.595871
long,1550,10.000,0,920,0.593548,630.000,638.000,764.000,890.000,0.574194
long,1550,10.000,0,945,0.609677,605.000,613.000,734.000,855.000,0.551613
long,1550,10.000,0,969,0.625161,581.000,589.000,705.200,821.400,0.529935
long,1550,10.000,0,993,0.640645,557.000,565.000,676.400,787.800,0.508258
long,1550,10.000,0,1017,0.656129,533.000,541.000,647.600,754.200,0.486581
long,1550,10.000,0,1041,0.671613,509.000,517.000,618.800,720.600,0.464903
long,1550,10.000,0,1066,0.687742,484.000,492.000,588.800,685.600,0.442323
long,1550,10.000,0,1090,0.703226,460.000,468.000,560.000,652.000,0.420645
long,1550,10.000,0,1114,0.718710,436.000,444.000,531.200,618.400,0.398968
long,1550,10.000,0,1138,0.734194,412.000,420.000,502.400,584.800,0.377290
long,1550,10.000,0,1162,0.749677,388.000,396.000,473.600,551.200,0.355613
long,1550,10.000,0,1187,0.765806,363.000,371.000,443.600,516.200,0.333032
long,1550,10.000,0,1211,0.781290,339.000,347.000,414.800,482.600,0.311355
long,1550,10.000,0,1235,0.796774,315.000,323.000,386.000,449.000,0.289677
long,1550,10.000,0,1259,0.812258,291.000,299.000,357.200,415.400,0.268000
long,1550,10.000,0,1284,0.828387,266.000,274.000,327.200,380.400,0.245419
long,1550,10.000,0,1308,0.843871,242.000,250.000,298.400,346.800,0.223742
long,1550,10.000,0,1332,0.859355,218.000,226.000,269.600,313.200,0.202065
long,1550,10.000,0,1356,0.874839,194.000,202.000,240.800,279.600,0.180387
long,1550,10.000,0,1380,0.890323,170.000,178.000,212.000,246.000,0.158710
long,1550,10.000,0,1405,0.906452,145.000,153.000,182.000,211.000,0.136129
long,1550,10.000,0,1429,0.921935,121.000,129.000,153.200,177.400,0.114452
long,1550,10.000,0,1453,0.937419,97.000,105.000,124.400,143.800,0.092774
long,1550,10.000,0,1477,0.952903,73.000,81.000,95.600,110.200,0.071097
long,1550,10.000,0,1502,0.969032,48.000,56.000,65.600,75.200,0.048516
long,1550,10.000,0,1526,0.984516,24.000,32.000,36.800,41.600,0.026839
long,1550,10.000,0,1550,1.000000,0.000,8.000,8.000,8.000,0.005161
long,1550,20.000,0,0,0.000000,1550.000,1558.000,2178.000,2798.000,1.805161
long,1550,20.000,0,24,0.015484,1526.000,1534.000,2144.400,2754.800,1.777290
long,1550,20.000,0,48,0.030968,1502.000,1510.000,2110.800,2711.600,1.749419
long,1550,20.000,0,73,0.047097,1477.000,1485.000,2075.800,2666.600,1.720387
long,1550,20.000,0,97,0.062581,1453.000,1461.000,2042.200,2623.400,1.692516
long,1550,20.000,0,121,0.078065,1429.000,1437.000,2008.600,2580.200,1.664645
long,1550,20.000,0,145,0.093548,1405.000,1413.000,1975.000,2537.000,1.636774
long,1550,20.000,0,170,0.109677,1380.000,1388.000,1940.000,2492.000,1.607742
long,1550,20.000,0,194,0.125161,1356.000,1364.000,1906.400,2448.800,1.579871
long,1550,20.000,0,218,0.140645,1332.000,1340.000,1872.800,2405.600,1.552000
long,1550,20.000,0,242,0.156129,1308.000,1316.000,1839.200,2362.400,1.524129
long,1550,20.000,0,266,0.171613,1284.000,1292.000,1805.600,2319.200,1.496258
long,1550,20.000,0,291,0.187742,1259.000,1267.000,1770.600,2274.200,1.467226
long,1550,20.000,0,315,0.203226,1235.000,1243.000,1737.000,2231.000,1.439355
long,1550,20.000,0,339,0.218710,1211.000,1219.000,1703.400,2187.800,1.411484
long,1550,20.000,0,363,0.234194,1187.000,1195.000,1669.800,2144.600,1.383613
long,1550,20.000,0,388,0.250323,1162.000,1170.000,1634.800,2099.600,1.354581
long,1550,20.000,0,412,0.265806,1138.000,1146.000,1601.200,2056.400,1.326710
long,1550,20.000,0,436,0.281290,1114.000,1122.000,1567.600,2013.200,1.298839
long,1550,20.000,0,460,0.296774,1090.000,1098.000,1534.000,1970.000,1.270968
long,1550,20.000,0,484,0.312258,1066.000,1074.000,1500.400,1926.800,1.243097
long,1550,20.000,0,509,0.328387,1041.000,1049.000,1465.400,1881.800,1.214065
long,1550,20.000,0,533,0.343871,1017.000,1025.000,1431.800,1838.600,1.186194
long,1550,20.000,0,557,0.359355,993.000,1001.000,1398.200,1795.400,1.158323
long,1550,20.000,0,581,0.374839,969.000,977.000,1364.600,1752.200,1.130452
long,1550,20.000,0,605,0.390323,945.000,953.000,1331.000,1709.000,1.102581
long,1550,20.000,0,630,0.406452,920.000,928.000,1296.000,1664.000,1.073548
long,1550,20.000,0,654,0.421935,896.000,904.000,1262.400,1620.800,1.045677
long,1550,20.000,0,678,0.437419,872.000,880.000,1228.800,1577.600,1.017806
long,1550,20.000,0,702,0.452903,848.000,856.000,1195.200,1534.400,0.989935
long,1550,20.000,0,727,0.469032,823.000,831.000,1160.200,1489.400,0.960903
long,1550,20.000,0,751,0.484516,799.000,807.000,1126.600,1446.200,0.933032
long,1550,20.000,0,775,0.500000,775.000,783.000,1093.000,1403.000,0.905161
long,1550,20.000,0,799,0.515484,751.000,759.000,1059.400,1359.800,0.877290
long,1550,20.000,0,823,0.530968,727.000,735.000,1025.800,1316.600,0.849419
long,1550,20.000,0,848,0.547097,702.000,710.000,990.800,1271.600,0.820387
long,1550,20.000,0,872,0.562581,678.000,686.000,957.200,1228.400,0.792516
long,1550,20.000,0,896,0.578065,654.000,662.000,923.600,1185.200,0.764645
long,1550,20.000,0,920,0.593548,630.000,638.000,890.000,1142.000,0.736774
long,1550,20.000,0,945,0.609677,605.000,613.000,855.000,1097.000,0.707742
long,1550,20.000,0,969,0.625161,581.000,589.000,821.400,1053.800,0.679871
long,1550,20.000,0,993,0.640645,557.000,565.000,787.800,1010.600,0.652000
long,1550,20.000,0,1017,0.656129,533.000,541.000,754.200,967.400,0.624129
long,1550,20.000,0,1041,0.671613,509.000,517.000,720.600,924.200,0.596258
long,1550,20.000,0,1066,0.687742,484.000,492.000,685.600,879.200,0.567226
long,1550,20.000,0,1090,0.703226,460.000,468.000,652.000,836.000,0.539355
long,1550,20.000,0,1114,0.718710,436.000,444.000,618.400,792.800,0.511484
long,1550,20.000,0,1138,0.734194,412.000,420.000,584.800,749.600,0.483613
long,1550,20.000,0,1162,0.749677,388.000,396.000,551.200,706.400,0.455742
long,1550,20.000,0,1187,0.765806,363.000,371.000,516.200,661.400,0.426710
long,1550,20.000,0,1211,0.781290,339.000,347.000,482.600,618.200,0.398839
long,1550,20.000,0,1235,0.796774,315.000,323.000,449.000,575.000,0.370968
long,1550,20.000,0,1259,0.812258,291.000,299.000,415.400,531.800,0.343097
long,1550,20.000,0,1284,0.828387,266.000,274.000,380.400,486.800,0.314065
long,1550,20.000,0,1308,0.843871,242.000,250.000,346.800,443.600,0.286194
long,1550,20.000,0,1332,0.859355,218.000,226.000,313.200,400.400,0.258323
long,1550,20.000,0,1356,0.874839,194.000,202.000,279.600,357.200,0.230452
long,1550,20.000,0,1380,0.890323,170.000,178.000,246.000,314.000,0.202581
long,1550,20.000,0,1405,0.906452,145.000,153.000,211.000,269.000,0.173548
long,1550,20.000,0,1429,0.921935,121.000,129.000,177.400,225.800,0.145677
long,1550,20.000,0,1453,0.937419,97.000,105.000,143.800,182.600,0.117806
long,1550,20.000,0,1477,0.952903,73.000,81.000,110.200,139.400,0.089935
long,1550,20.000,0,1502,0.969032,48.000,56.000,75.200,94.400,0.060903
long,1550,20.000,0,1526,0.984516,24.000,32.000,41.600,51.200,0.033032
long,1550,20.000,0,1550,1.000000,0.000,8.000,8.000,8.000,0.005161
long,1550,25.000,0,0,0.000000,1550.000,1558.000,2333.000,3108.000,2.005161
long,1550,25.000,0,24,0.015484,1526.000,1534.000,2297.000,3060.000,1.974194
long,1550,25.000,0,48,0.030968,1502.000,1510.000,2261.000,3012.000,1.943226
long,1550,25.000,0,73,0.047097,1477.000,1485.000,2223.500,2962.000,1.910968
long,1550,25.000,0,97,0.062581,1453.000,1461.000,2187.500,2914.000,1.880000
long,1550,25.000,0,121,0.078065,1429.000,1437.000,2151.500,2866.000,1.849032
long,1550,25.000,0,145,0.093548,1405.000,1413.000,2115.500,2818.000,1.818065
long,1550,25.000,0,170,0.109677,1380.000,1388.000,2078.000,2768.000,1.785806
long,1550,25.000,0,194,0.125161,1356.000,1364.000,2042.000,2720.000,1.754839
long,1550,25.000,0,218,0.140645,1332.000,1340.000,2006.000,2672.000,1.723871
long,1550,25.000,0,242,0.156129,1308.000,1316.000,1970.000,2624.000,1.692903
long,1550,25.000,0,266,0.171613,1284.000,1292.000,1934.000,2576.000,1.661935
long,1550,25.000,0,291,0.187742,1259.000,1267.000,1896.500,2526.000,1.629677
long,1550,25.000,0,315,0.203226,1235.000,1243.000,1860.500,2478.000,1.598710
long,1550,25.000,0,339,0.218710,1211.000,1219.000,1824.500,2430.000,1.567742
long,1550,25.000,0,363,0.234194,1187.000,1195.000,1788.500,2382.000,1.536774
long,1550,25.000,0,388,0.250323,1162.000,1170.000,1751.000,2332.000,1.504516
long,1550,25.000,0,412,0.265806,1138.000,1146.000,1715.000,2284.000,1.473548
long,1550,25.000,0,436,0.281290,1114.000,1122.000,1679.000,2236.000,1.442581
long,1550,25.000,0,460,0.296774,1090.000,1098.000,1643.000,2188.000,1.411613
long,1550,25.000,0,484,0.312258,1066.000,1074.000,1607.000,2140.000,1.380645
long,1550,25.000,0,509,0.328387,1041.000,1049.000,1569.500,2090.000,1.348387
long,1550,25.000,0,533,0.343871,1017.000,1025.000,1533.500,2042.000,1.317419
long,1550,25.000,0,557,0.359355,993.000,1001.000,1497.500,1994.000,1.286452
long,1550,25.000,0,581,0.374839,969.000,977.000,1461.500,1946.000,1.255484
long,1550,25.000,0,605,0.390323,945.000,953.000,1425.500,1898.000,1.224516
long,1550,25.000,0,630,0.406452,920.000,928.000,1388.000,1848.000,1.192258
long,1550,25.000,0,654,0.421935,896.000,904.000,1352.000,1800.000,1.161290
long,1550,25.000,0,678,0.437419,872.000,880.000,1316.000,1752.000,1.130323
long,1550,25.000,0,702,0.452903,848.000,856.000,1280.000,1704.000,1.099355
long,1550,25.000,0,727,0.469032,823.000,831.000,1242.500,1654.000,1.067097
long,1550,25.000,0,751,0.484516,799.000,807.000,1206.500,1606.000,1.036129
long,1550,25.000,0,775,0.500000,775.000,783.000,1170.500,1558.000,1.005161
long,1550,25.000,0,799,0.515484,751.000,759.000,1134.500,1510.000,0.974194
long,1550,25.000,0,823,0.530968,727.000,735.000,1098.500,1462.000,0.943226
long,1550,25.000,0,848,0.547097,702.000,710.000,1061.000,1412.000,0.910968
long,1550,25.000,0,872,0.562581,678.000,686.000,1025.000,1364.000,0.880000
long,1550,25.000,0,896,0.578065,654.000,662.000,989.000,1316.000,0.849032
long,1550,25.000,0,920,0.593548,630.000,638.000,953.000,1268.000,0.818065
long,1550,25.000,0,945,0.609677,605.000,613.000,915.500,1218.000,0.785806
long,1550,25.000,0,969,0.625161,581.000,589.000,879.500,1170.000,0.754839
long,1550,25.000,0,993,0.640645,557.000,565.000,843.500,1122.000,0.723871
long,1550,25.000,0,1017,0.656129,533.000,541.000,807.500,1074.000,0.692903
long,1550,25.000,0,1041,0.671613,509.000,517.000,771.500,1026.000,0.661935
long,1550,25.000,0,1066,0.687742,484.000,492.000,734.000,976.000,0.629677
long,1550,25.000,0,1090,0.703226,460.000,468.000,698.000,928.000,0.598710
long,1550,25.000,0,1114,0.718710,436.000,444.000,662.000,880.000,0.567742
long,1550,25.000,0,1138,0.734194,412.000,420.000,626.000,832.000,0.536774
long,1550,25.000,0,1162,0.749677,388.000,396.000,590.000,784.000,0.505806
long,1550,25.000,0,1187,0.765806,363.000,371.000,552.500,734.000,0.473548
long,1550,25.000,0,1211,0.781290,339.000,347.000,516.500,686.000,0.442581
long,1550,25.000,0,1235,0.796774,315.000,323.000,480.500,638.000,0.411613
long,1550,25.000,0,1259,0.812258,291.000,299.000,444.500,590.000,0.380645
long,1550,25.000,0,1284,0.828387,266.000,274.000,407.000,540.000,0.348387
long,1550,25.000,0,1308,0.843871,242.000,250.000,371.000,492.000,0.317419
long,1550,25.000,0,1332,0.859355,218.000,226.000,335.000,444.000,0.286452
long,1550,25.000,0,1356,0.874839,194.000,202.000,299.000,396.000,0.255484
long,1550,25.000,0,1380,0.890323,170.000,178.000,263.000,348.000,0.224516
long,1550,25.000,0,1405,0.906452,145.000,153.000,225.500,298.000,0.192258
long,1550,25.000,0,1429,0.921935,121.000,129.000,189.500,250.000,0.161290
long,1550,25.000,0,1453,0.937419,97.000,105.000,153.500,202.000,0.130323
long,1550,25.000,0,1477,0.952903,73.000,81.000,117.500,154.000,0.099355
long,1550,25.000,0,1502,0.969032,48.000,56.000,80.000,104.000,0.067097
long,1550,25.000,0,1526,0.984516,24.000,32.000,44.000,56.000,0.036129
long,1550,25.000,0,1550,1.000000,0.000,8.000,8.000,8.000,0.005161
long,1550,30.000,1,0,0.000000,1550.000,1558.000,2333.000,3108.000,2.005161
long,1550,30.000,1,24,0.015484,1526.000,1534.000,2297.000,3060.000,1.974194
long,1550,30.000,1,48,0.030968,1502.000,1510.000,2261.000,3012.000,1.943226
long,1550,30.000,1,73,0.047097,1477.000,1485.000,2223.500,2962.000,1.910968
long,1550,30.000,1,97,0.062581,1453.000,1461.000,2187.500,2914.000,1.880000
long,1550,30.000,1,121,0.078065,1429.000,1437.000,2151.500,2866.000,1.849032
long,1550,30.000,1,145,0.093548,1405.000,1413.000,2115.500,2818.000,1.818065
long,1550,30.000,1,170,0.109677,1380.000,1388.000,2078.000,2768.000,1.785806
long,1550,30.000,1,194,0.125161,1356.000,1364.000,2042.000,2720.000,1.754839
long,1550,30.000,1,218,0.140645,1332.000,1340.000,2006.000,2672.000,1.723871
long,1550,30.000,1,242,0.156129,1308.000,1316.000,1970.000,2624.000,1.692903
long,1550,30.000,1,266,0.171613,1284.000,1292.000,1934.000,2576.000,1.661935
long,1550,30.000,1,291,0.187742,1259.000,1267.000,1896.500,2526.000,1.629677
long,1550,30.000,1,315,0.203226,1235.000,1243.000,1860.500,2478.000,1.598710
long,1550,30.000,1,339,0.218710,1211.000,1219.000,1824.500,2430.000,1.567742
long,1550,30.000,1,363,0.234194,1187.000,1195.000,1788.500,2382.000,1.536774
long,1550,30.000,1,388,0.250323,1162.000,1170.000,1751.000,2332.000,1.504516
long,1550,30.000,1,412,0.265806,1138.000,1146.000,1715.000,2284.000,1.473548
long,1550,30.000,1,436,0.281290,1114.000,1122.000,1679.000,2236.000,1.442581
long,1550,30.000,1,460,0.296774,1090.000,1098.000,1643.000,2188.000,1.411613
long,1550,30.000,1,484,0.312258,1066.000,1074.000,1607.000,2140.000,1.380645
long,1550,30.000,1,509,0.328387,1041.000,1049.000,1569.500,2090.000,1.348387
long,1550,30.000,1,533,0.343871,1017.000,1025.000,1533.500,2042.000,1.317419
long,1550,30.000,1,557,0.359355,993.000,1001.000,1497.500,1994.000,1.286452
long,1550,30.000,1,581,0.374839,969.000,977.000,1461.500,1946.000,1.255484
long,1550,30.000,1,605,0.390323,945.000,953.000,1425.500,1898.000,1.224516
long,1550,30.000,1,630,0.406452,920.000,928.000,1388.000,1848.000,1.192258
long,1550,30.000,1,654,0.421935,896.000,904.000,1352.000,1800.000,1.161290
long,1550,30.000,1,678,0.437419,872.000,880.000,1316.000,1752.000,1.130323
long,1550,30.000,1,702,0.452903,848.000,856.000,1280.000,1704.000,1.099355
long,1550,30.000,1,727,0.469032,823.000,831.000,1242.500,1654.000,1.067097
long,1550,30.000,1,751,0.484516,799.000,807.000,1206.500,1606.000,1.036129
long,1550,30.000,1,775,0.500000,775.000,783.000,1170.500,1558.000,1.005161
long,1550,30.000,1,799,0.515484,751.000,759.000,1134.500,1510.000,0.974194
long,1550,30.000,1,823,0.530968,727.000,735.000,1098.500,1462.000,0.943226
long,1550,30.000,1,848,0.547097,702.000,710.000,1061.000,1412.000,0.910968
long,1550,30.000,1,872,0.562581,678.000,686.000,1025.000,1364.000,0.880000
long,1550,30.000,1,896,0.578065,654.000,662.000,989.000,1316.000,0.849032
long,1550,30.000,1,920,0.593548,630.000,638.000,953.000,1268.000,0.818065
long,1550,30.000,1,945,0.609677,605.000,613.000,915.500,1218.000,0.785806
long,1550,30.000,1,969,0.625161,581.000,589.000,879.500,1170.000,0.754839
long,1550,30.000,1,993,0.640645,557.000,565.000,843.500,1122.000,0.723871
long,1550,30.000,1,1017,0.656129,533.000,541.000,807.500,1074.000,0.692903
long,1550,30.000,1,1041,0.671613,509.000,517.000,771.500,1026.000,0.661935
long,1550,30.000,1,1066,0.687742,484.000,492.000,734.000,976.000,0.629677
long,1550,30.000,1,1090,0.703226,460.000,468.000,698.000,928.000,0.598710
long,1550,30.000,1,1114,0.718710,436.000,444.000,662.000,880.000,0.567742
long,1550,30.000,1,1138,0.734194,412.000,420.000,626.000,832.000,0.536774
long,1550,30.000,1,1162,0.749677,388.000,396.000,590.000,784.000,0.505806
long,1550,30.000,1,1187,0.765806,363.000,371.000,552.500,734.000,0.473548
long,1550,30.000,1,1211,0.781290,339.000,347.000,516.500,686.000,0.442581
long,1550,30.000,1,1235,0.796774,315.000,323.000,480.500,638.000,0.411613
long,1550,30.000,1,1259,0.812258,291.000,299.000,444.500,590.000,0.380645
long,1550,30.000,1,1284,0.828387,266.000,274.000,407.000,540.000,0.348387
long,1550,30.000,1,1308,0.843871,242.000,250.000,371.000,492.000,0.317419
long,1550,30.000,1,1332,0.859355,218.000,226.000,335.000,444.000,0.286452
long,1550,30.000,1,1356,0.874839,194.000,202.000,299.000,396.000,0.255484
long,1550,30.000,1,1380,0.890323,170.000,178.000,263.000,348.000,0.224516
long,1550,30.000,1,1405,0.906452,145.000,153.000,225.500,298.000,0.192258
long,1550,30.000,1,1429,0.921935,121.000,129.000,189.500,250.000,0.161290
long,1550,30.000,1,1453,0.937419,97.000,105.000,153.500,202.000,0.130323
long,1550,30.000,1,1477,0.952903,73.000,81.000,117.500,154.000,0.099355
long,1550,30.000,1,1502,0.969032,48.000,56.000,80.000,104.000,0.067097
long,1550,30.000,1,1526,0.984516,24.000,32.000,44.000,56.000,0.036129
long,1550,30.000,1,1550,1.000000,0.000,8.000,8.000,8.000,0.005161
