mode,rate_mhit,depth,offered_hits,accepted_hits,pending_hits,dropped_hits,drop_probability,drain_events,occupancy_max,occupancy_end,coalesced_hits_per_element
iid_256,25.000,1,16000,15999,1,0,0,15999,1,1,1.000000
iid_256,25.000,2,16000,15999,1,0,0,15999,1,1,1.000000
iid_256,25.000,4,16000,15999,1,0,0,15999,1,1,1.000000
iid_256,25.000,8,16000,15999,1,0,0,15999,1,1,1.000000
iid_256,25.000,16,16000,15999,1,0,0,15999,1,1,1.000000
iid_256,25.000,32,16000,15999,1,0,0,15999,1,1,1.000000
iid_256,25.000,64,16000,15999,1,0,0,15999,1,1,1.000000
iid_256,25.000,96,16000,15999,1,0,0,15999,1,1,1.000000
iid_256,25.000,128,16000,15999,1,0,0,15999,1,1,1.000000
iid_256,25.000,160,16000,15999,1,0,0,15999,1,1,1.000000
iid_256,25.000,192,16000,15999,1,0,0,15999,1,1,1.000000
iid_256,25.000,224,16000,15999,1,0,0,15999,1,1,1.000000
iid_256,25.000,240,16000,15999,1,0,0,15999,1,1,1.000000
iid_256,25.000,244,16000,15999,1,0,0,15999,1,1,1.000000
iid_256,25.000,248,16000,15999,1,0,0,15999,1,1,1.000000
iid_256,25.000,252,16000,15999,1,0,0,15999,1,1,1.000000
iid_256,25.000,254,16000,15999,1,0,0,15999,1,1,1.000000
iid_256,25.000,256,16000,15999,1,0,0,15999,1,1,1.000000
iid_256,50.000,1,32000,31999,1,0,0,31999,1,1,1.000000
iid_256,50.000,2,32000,31999,1,0,0,31999,1,1,1.000000
iid_256,50.000,4,32000,31999,1,0,0,31999,1,1,1.000000
iid_256,50.000,8,32000,31999,1,0,0,31999,1,1,1.000000
iid_256,50.000,16,32000,31999,1,0,0,31999,1,1,1.000000
iid_256,50.000,32,32000,31999,1,0,0,31999,1,1,1.000000
iid_256,50.000,64,32000,31999,1,0,0,31999,1,1,1.000000
iid_256,50.000,96,32000,31999,1,0,0,31999,1,1,1.000000
iid_256,50.000,128,32000,31999,1,0,0,31999,1,1,1.000000
iid_256,50.000,160,32000,31999,1,0,0,31999,1,1,1.000000
iid_256,50.000,192,32000,31999,1,0,0,31999,1,1,1.000000
iid_256,50.000,224,32000,31999,1,0,0,31999,1,1,1.000000
iid_256,50.000,240,32000,31999,1,0,0,31999,1,1,1.000000
iid_256,50.000,244,32000,31999,1,0,0,31999,1,1,1.000000
iid_256,50.000,248,32000,31999,1,0,0,31999,1,1,1.000000
iid_256,50.000,252,32000,31999,1,0,0,31999,1,1,1.000000
iid_256,50.000,254,32000,31999,1,0,0,31999,1,1,1.000000
iid_256,50.000,256,32000,31999,1,0,0,31999,1,1,1.000000
iid_256,75.000,1,47999,47999,0,0,0,47999,1,0,1.000000
iid_256,75.000,2,47999,47999,0,0,0,47999,1,0,1.000000
iid_256,75.000,4,47999,47999,0,0,0,47999,1,0,1.000000
iid_256,75.000,8,47999,47999,0,0,0,47999,1,0,1.000000
iid_256,75.000,16,47999,47999,0,0,0,47999,1,0,1.000000
iid_256,75.000,32,47999,47999,0,0,0,47999,1,0,1.000000
iid_256,75.000,64,47999,47999,0,0,0,47999,1,0,1.000000
iid_256,75.000,96,47999,47999,0,0,0,47999,1,0,1.000000
iid_256,75.000,128,47999,47999,0,0,0,47999,1,0,1.000000
iid_256,75.000,160,47999,47999,0,0,0,47999,1,0,1.000000
iid_256,75.000,192,47999,47999,0,0,0,47999,1,0,1.000000
iid_256,75.000,224,47999,47999,0,0,0,47999,1,0,1.000000
iid_256,75.000,240,47999,47999,0,0,0,47999,1,0,1.000000
iid_256,75.000,244,47999,47999,0,0,0,47999,1,0,1.000000
iid_256,75.000,248,47999,47999,0,0,0,47999,1,0,1.000000
iid_256,75.000,252,47999,47999,0,0,0,47999,1,0,1.000000
iid_256,75.000,254,47999,47999,0,0,0,47999,1,0,1.000000
iid_256,75.000,256,47999,47999,0,0,0,47999,1,0,1.000000
iid_256,100.000,1,64000,50073,1,13926,0.21759375,49999,1,1,1.001480
iid_256,100.000,2,64000,50329,2,13669,0.213578125,49999,2,2,1.006600
iid_256,100.000,4,64000,50846,4,13150,0.20546875,49999,4,4,1.016939
iid_256,100.000,8,64000,51807,8,12185,0.190390625,49999,8,8,1.036155
iid_256,100.000,16,64000,53799,17,10184,0.159125,49999,16,15,1.076019
iid_256,100.000,32,64000,57669,34,6297,0.098390625,49999,32,31,1.153368
iid_256,100.000,64,64000,63803,72,125,0.001953125,49999,64,63,1.275918
iid_256,100.000,96,64000,63927,73,0,0,49999,73,64,1.278389
iid_256,100.000,128,64000,63927,73,0,0,49999,73,64,1.278389
iid_256,100.000,160,64000,63927,73,0,0,49999,73,64,1.278389
iid_256,100.000,192,64000,63927,73,0,0,49999,73,64,1.278389
iid_256,100.000,224,64000,63927,73,0,0,49999,73,64,1.278389
iid_256,100.000,240,64000,63927,73,0,0,49999,73,64,1.278389
iid_256,100.000,244,64000,63927,73,0,0,49999,73,64,1.278389
iid_256,100.000,248,64000,63927,73,0,0,49999,73,64,1.278389
iid_256,100.000,252,64000,63927,73,0,0,49999,73,64,1.278389
iid_256,100.000,254,64000,63927,73,0,0,49999,73,64,1.278389
iid_256,100.000,256,64000,63927,73,0,0,49999,73,64,1.278389
iid_256,125.000,1,80000,50116,1,29883,0.3735375,49999,1,1,1.002340
iid_256,125.000,2,80000,50454,2,29544,0.3693,49999,2,2,1.009100
iid_256,125.000,4,80000,51107,4,28889,0.3611125,49999,4,4,1.022159
iid_256,125.000,8,80000,52348,8,27644,0.34555,49999,8,8,1.046973
iid_256,125.000,16,80000,54788,16,25196,0.31495,49999,16,16,1.095751
iid_256,125.000,32,80000,59685,36,20279,0.2534875,49999,32,32,1.193680
iid_256,125.000,64,80000,69603,83,10314,0.128925,49999,64,64,1.391966
iid_256,125.000,96,80000,78575,121,1304,0.0163,49999,96,90,1.571123
iid_256,125.000,128,80000,79877,123,0,0,49999,113,92,1.597093
iid_256,125.000,160,80000,79877,123,0,0,49999,113,92,1.597093
iid_256,125.000,192,80000,79877,123,0,0,49999,113,92,1.597093
iid_256,125.000,224,80000,79877,123,0,0,49999,113,92,1.597093
iid_256,125.000,240,80000,79877,123,0,0,49999,113,92,1.597093
iid_256,125.000,244,80000,79877,123,0,0,49999,113,92,1.597093
iid_256,125.000,248,80000,79877,123,0,0,49999,113,92,1.597093
iid_256,125.000,252,80000,79877,123,0,0,49999,113,92,1.597093
iid_256,125.000,254,80000,79877,123,0,0,49999,113,92,1.597093
iid_256,125.000,256,80000,79877,123,0,0,49999,113,92,1.597093
iid_256,150.000,1,95999,50192,1,45806,0.477150804,49999,1,1,1.003860
iid_256,150.000,2,95999,50555,2,45442,0.473359097,49999,2,2,1.011120
iid_256,150.000,4,95999,51312,4,44683,0.465452765,49999,4,4,1.026258
iid_256,150.000,8,95999,52782,8,43209,0.450098439,49999,8,8,1.055652
iid_256,150.000,16,95999,55770,17,40212,0.418879363,49999,16,16,1.115405
iid_256,150.000,32,95999,61764,36,34199,0.356243294,49999,32,32,1.235234
iid_256,150.000,64,95999,73636,80,22283,0.232117001,49999,64,64,1.472465
iid_256,150.000,96,95999,85306,132,10561,0.110011563,49999,96,96,1.705520
iid_256,150.000,128,95999,95175,172,652,0.00679173741,49999,128,115,1.902602
iid_256,150.000,160,95999,95827,172,0,0,49999,143,115,1.915612
iid_256,150.000,192,95999,95827,172,0,0,49999,143,115,1.915612
iid_256,150.000,224,95999,95827,172,0,0,49999,143,115,1.915612
iid_256,150.000,240,95999,95827,172,0,0,49999,143,115,1.915612
iid_256,150.000,244,95999,95827,172,0,0,49999,143,115,1.915612
iid_256,150.000,248,95999,95827,172,0,0,49999,143,115,1.915612
iid_256,150.000,252,95999,95827,172,0,0,49999,143,115,1.915612
iid_256,150.000,254,95999,95827,172,0,0,49999,143,115,1.915612
iid_256,150.000,256,95999,95827,172,0,0,49999,143,115,1.915612
iid_256,175.000,1,112000,50243,1,61756,0.551392857,49999,1,1,1.004880
iid_256,175.000,2,112000,50712,2,61286,0.547196429,49999,2,2,1.014260
iid_256,175.000,4,112000,51641,4,60355,0.538883929,49999,4,4,1.032838
iid_256,175.000,8,112000,53440,8,58552,0.522785714,49999,8,8,1.068810
iid_256,175.000,16,112000,56946,17,55037,0.491401786,49999,16,16,1.138918
iid_256,175.000,32,112000,63886,36,48078,0.429267857,49999,32,32,1.277648
iid_256,175.000,64,112000,77640,79,34281,0.306080357,49999,64,64,1.552424
iid_256,175.000,96,112000,91603,128,20269,0.180973214,49999,96,96,1.831141
iid_256,175.000,128,112000,104799,200,7001,0.0625089286,49999,128,127,2.094701
iid_256,175.000,160,112000,111753,233,14,0.000125,49999,160,144,2.233333
iid_256,175.000,192,112000,111767,233,0,0,49999,167,144,2.233612
iid_256,175.000,224,112000,111767,233,0,0,49999,167,144,2.233612
iid_256,175.000,240,112000,111767,233,0,0,49999,167,144,2.233612
iid_256,175.000,244,112000,111767,233,0,0,49999,167,144,2.233612
iid_256,175.000,248,112000,111767,233,0,0,49999,167,144,2.233612
iid_256,175.000,252,112000,111767,233,0,0,49999,167,144,2.233612
iid_256,175.000,254,112000,111767,233,0,0,49999,167,144,2.233612
iid_256,175.000,256,112000,111767,233,0,0,49999,167,144,2.233612
iid_256,200.000,1,128000,50304,1,77695,0.606992187,49999,1,1,1.006100
iid_256,200.000,2,128000,50796,2,77202,0.603140625,49999,2,2,1.015940
iid_256,200.000,4,128000,51834,4,76162,0.595015625,49999,4,4,1.036698
iid_256,200.000,8,128000,53768,8,74224,0.579875,49999,8,8,1.075369
iid_256,200.000,16,128000,57651,16,70333,0.549476562,49999,16,16,1.152994
iid_256,200.000,32,128000,65671,34,62295,0.486679688,49999,32,32,1.313286
iid_256,200.000,64,128000,81603,85,46312,0.3618125,49999,64,64,1.631704
iid_256,200.000,96,128000,97328,141,30531,0.238523437,49999,96,96,1.945683
iid_256,200.000,128,128000,113178,199,14623,0.114242187,49999,128,128,2.261795
iid_256,200.000,160,128000,126571,277,1152,0.009,49999,160,154,2.529221
iid_256,200.000,192,128000,127714,286,0,0,49999,175,154,2.552190
iid_256,200.000,224,128000,127714,286,0,0,49999,175,154,2.552190
iid_256,200.000,240,128000,127714,286,0,0,49999,175,154,2.552190
iid_256,200.000,244,128000,127714,286,0,0,49999,175,154,2.552190
iid_256,200.000,248,128000,127714,286,0,0,49999,175,154,2.552190
iid_256,200.000,252,128000,127714,286,0,0,49999,175,154,2.552190
iid_256,200.000,254,128000,127714,286,0,0,49999,175,154,2.552190
iid_256,200.000,256,128000,127714,286,0,0,49999,175,154,2.552190
iid_256,225.000,1,143999,50372,1,93626,0.650185071,49999,1,1,1.007460
iid_256,225.000,2,143999,50932,2,93065,0.64628921,49999,2,2,1.018660
iid_256,225.000,4,143999,52078,4,91917,0.638316933,49999,4,4,1.041578
iid_256,225.000,8,143999,54346,8,89645,0.622539045,49999,8,8,1.086928
iid_256,225.000,16,143999,58849,16,85134,0.591212439,49999,16,16,1.176947
iid_256,225.000,32,143999,68074,36,75889,0.527010604,49999,32,32,1.361356
iid_256,225.000,64,143999,85759,86,58154,0.403850027,49999,64,64,1.714739
iid_256,225.000,96,143999,103788,148,40063,0.27821721,49999,96,96,2.074778
iid_256,225.000,128,143999,121504,226,22269,0.154646907,49999,128,128,2.428432
iid_256,225.000,160,143999,138375,314,5310,0.0368752561,49999,160,160,2.764987
iid_256,225.000,192,143999,143672,327,0,0,49999,188,161,2.870793
iid_256,225.000,224,143999,143672,327,0,0,49999,188,161,2.870793
iid_256,225.000,240,143999,143672,327,0,0,49999,188,161,2.870793
iid_256,225.000,244,143999,143672,327,0,0,49999,188,161,2.870793
iid_256,225.000,248,143999,143672,327,0,0,49999,188,161,2.870793
iid_256,225.000,252,143999,143672,327,0,0,49999,188,161,2.870793
iid_256,225.000,254,143999,143672,327,0,0,49999,188,161,2.870793
iid_256,225.000,256,143999,143672,327,0,0,49999,188,161,2.870793
cluster8_local,25.000,1,16000,1999,1,14000,0.875,1999,1,1,1.000000
cluster8_local,25.000,2,16000,3998,2,12000,0.75,3998,2,2,1.000000
cluster8_local,25.000,4,16000,7996,4,8000,0.5,7996,4,4,1.000000
cluster8_local,25.000,8,16000,15992,8,0,0,15992,8,8,1.000000
cluster8_local,25.000,16,16000,15992,8,0,0,15992,8,8,1.000000
cluster8_local,25.000,32,16000,15992,8,0,0,15992,8,8,1.000000
cluster8_local,25.000,64,16000,15992,8,0,0,15992,8,8,1.000000
cluster8_local,25.000,96,16000,15992,8,0,0,15992,8,8,1.000000
cluster8_local,25.000,128,16000,15992,8,0,0,15992,8,8,1.000000
cluster8_local,25.000,160,16000,15992,8,0,0,15992,8,8,1.000000
cluster8_local,25.000,192,16000,15992,8,0,0,15992,8,8,1.000000
cluster8_local,25.000,224,16000,15992,8,0,0,15992,8,8,1.000000
cluster8_local,25.000,240,16000,15992,8,0,0,15992,8,8,1.000000
cluster8_local,25.000,244,16000,15992,8,0,0,15992,8,8,1.000000
cluster8_local,25.000,248,16000,15992,8,0,0,15992,8,8,1.000000
cluster8_local,25.000,252,16000,15992,8,0,0,15992,8,8,1.000000
cluster8_local,25.000,254,16000,15992,8,0,0,15992,8,8,1.000000
cluster8_local,25.000,256,16000,15992,8,0,0,15992,8,8,1.000000
cluster8_local,50.000,1,32000,3999,1,28000,0.875,3999,1,1,1.000000
cluster8_local,50.000,2,32000,7998,2,24000,0.75,7998,2,2,1.000000
cluster8_local,50.000,4,32000,15996,4,16000,0.5,15996,4,4,1.000000
cluster8_local,50.000,8,32000,31992,8,0,0,31992,8,8,1.000000
cluster8_local,50.000,16,32000,31992,8,0,0,31992,8,8,1.000000
cluster8_local,50.000,32,32000,31992,8,0,0,31992,8,8,1.000000
cluster8_local,50.000,64,32000,31992,8,0,0,31992,8,8,1.000000
cluster8_local,50.000,96,32000,31992,8,0,0,31992,8,8,1.000000
cluster8_local,50.000,128,32000,31992,8,0,0,31992,8,8,1.000000
cluster8_local,50.000,160,32000,31992,8,0,0,31992,8,8,1.000000
cluster8_local,50.000,192,32000,31992,8,0,0,31992,8,8,1.000000
cluster8_local,50.000,224,32000,31992,8,0,0,31992,8,8,1.000000
cluster8_local,50.000,240,32000,31992,8,0,0,31992,8,8,1.000000
cluster8_local,50.000,244,32000,31992,8,0,0,31992,8,8,1.000000
cluster8_local,50.000,248,32000,31992,8,0,0,31992,8,8,1.000000
cluster8_local,50.000,252,32000,31992,8,0,0,31992,8,8,1.000000
cluster8_local,50.000,254,32000,31992,8,0,0,31992,8,8,1.000000
cluster8_local,50.000,256,32000,31992,8,0,0,31992,8,8,1.000000
cluster8_local,75.000,1,48000,5999,1,42000,0.875,5999,1,1,1.000000
cluster8_local,75.000,2,48000,11998,2,36000,0.75,11998,2,2,1.000000
cluster8_local,75.000,4,48000,23996,4,24000,0.5,23996,4,4,1.000000
cluster8_local,75.000,8,48000,47992,8,0,0,47992,8,8,1.000000
cluster8_local,75.000,16,48000,47992,8,0,0,47992,8,8,1.000000
cluster8_local,75.000,32,48000,47992,8,0,0,47992,8,8,1.000000
cluster8_local,75.000,64,48000,47992,8,0,0,47992,8,8,1.000000
cluster8_local,75.000,96,48000,47992,8,0,0,47992,8,8,1.000000
cluster8_local,75.000,128,48000,47992,8,0,0,47992,8,8,1.000000
cluster8_local,75.000,160,48000,47992,8,0,0,47992,8,8,1.000000
cluster8_local,75.000,192,48000,47992,8,0,0,47992,8,8,1.000000
cluster8_local,75.000,224,48000,47992,8,0,0,47992,8,8,1.000000
cluster8_local,75.000,240,48000,47992,8,0,0,47992,8,8,1.000000
cluster8_local,75.000,244,48000,47992,8,0,0,47992,8,8,1.000000
cluster8_local,75.000,248,48000,47992,8,0,0,47992,8,8,1.000000
cluster8_local,75.000,252,48000,47992,8,0,0,47992,8,8,1.000000
cluster8_local,75.000,254,48000,47992,8,0,0,47992,8,8,1.000000
cluster8_local,75.000,256,48000,47992,8,0,0,47992,8,8,1.000000
cluster8_local,100.000,1,63992,7999,0,55993,0.875,7999,1,0,1.000000
cluster8_local,100.000,2,63992,15998,0,47994,0.75,15998,2,0,1.000000
cluster8_local,100.000,4,63992,31996,0,31996,0.5,31996,4,0,1.000000
cluster8_local,100.000,8,63992,63990,2,0,0,49993,8,2,1.279968
cluster8_local,100.000,16,63992,63990,2,0,0,49993,8,2,1.279968
cluster8_local,100.000,32,63992,63990,2,0,0,49993,8,2,1.279968
cluster8_local,100.000,64,63992,63990,2,0,0,49993,8,2,1.279968
cluster8_local,100.000,96,63992,63990,2,0,0,49993,8,2,1.279968
cluster8_local,100.000,128,63992,63990,2,0,0,49993,8,2,1.279968
cluster8_local,100.000,160,63992,63990,2,0,0,49993,8,2,1.279968
cluster8_local,100.000,192,63992,63990,2,0,0,49993,8,2,1.279968
cluster8_local,100.000,224,63992,63990,2,0,0,49993,8,2,1.279968
cluster8_local,100.000,240,63992,63990,2,0,0,49993,8,2,1.279968
cluster8_local,100.000,244,63992,63990,2,0,0,49993,8,2,1.279968
cluster8_local,100.000,248,63992,63990,2,0,0,49993,8,2,1.279968
cluster8_local,100.000,252,63992,63990,2,0,0,49993,8,2,1.279968
cluster8_local,100.000,254,63992,63990,2,0,0,49993,8,2,1.279968
cluster8_local,100.000,256,63992,63990,2,0,0,49993,8,2,1.279968
cluster8_local,125.000,1,79992,9999,0,69993,0.875,9999,1,0,1.000000
cluster8_local,125.000,2,79992,19998,0,59994,0.75,19998,2,0,1.000000
cluster8_local,125.000,4,79992,39996,0,39996,0.5,39996,4,0,1.000000
cluster8_local,125.000,8,79992,79988,4,0,0,49994,8,4,1.599904
cluster8_local,125.000,16,79992,79988,4,0,0,49994,8,4,1.599904
cluster8_local,125.000,32,79992,79988,4,0,0,49994,8,4,1.599904
cluster8_local,125.000,64,79992,79988,4,0,0,49994,8,4,1.599904
cluster8_local,125.000,96,79992,79988,4,0,0,49994,8,4,1.599904
cluster8_local,125.000,128,79992,79988,4,0,0,49994,8,4,1.599904
cluster8_local,125.000,160,79992,79988,4,0,0,49994,8,4,1.599904
cluster8_local,125.000,192,79992,79988,4,0,0,49994,8,4,1.599904
cluster8_local,125.000,224,79992,79988,4,0,0,49994,8,4,1.599904
cluster8_local,125.000,240,79992,79988,4,0,0,49994,8,4,1.599904
cluster8_local,125.000,244,79992,79988,4,0,0,49994,8,4,1.599904
cluster8_local,125.000,248,79992,79988,4,0,0,49994,8,4,1.599904
cluster8_local,125.000,252,79992,79988,4,0,0,49994,8,4,1.599904
cluster8_local,125.000,254,79992,79988,4,0,0,49994,8,4,1.599904
cluster8_local,125.000,256,79992,79988,4,0,0,49994,8,4,1.599904
cluster8_local,150.000,1,96000,11999,1,84000,0.875,11999,1,1,1.000000
cluster8_local,150.000,2,96000,23998,2,72000,0.75,23998,2,2,1.000000
cluster8_local,150.000,4,96000,47996,4,48000,0.5,47996,4,4,1.000000
cluster8_local,150.000,8,96000,95988,12,0,0,49995,8,8,1.919885
cluster8_local,150.000,16,96000,95988,12,0,0,49995,8,8,1.919885
cluster8_local,150.000,32,96000,95988,12,0,0,49995,8,8,1.919885
cluster8_local,150.000,64,96000,95988,12,0,0,49995,8,8,1.919885
cluster8_local,150.000,96,96000,95988,12,0,0,49995,8,8,1.919885
cluster8_local,150.000,128,96000,95988,12,0,0,49995,8,8,1.919885
cluster8_local,150.000,160,96000,95988,12,0,0,49995,8,8,1.919885
cluster8_local,150.000,192,96000,95988,12,0,0,49995,8,8,1.919885
cluster8_local,150.000,224,96000,95988,12,0,0,49995,8,8,1.919885
cluster8_local,150.000,240,96000,95988,12,0,0,49995,8,8,1.919885
cluster8_local,150.000,244,96000,95988,12,0,0,49995,8,8,1.919885
cluster8_local,150.000,248,96000,95988,12,0,0,49995,8,8,1.919885
cluster8_local,150.000,252,96000,95988,12,0,0,49995,8,8,1.919885
cluster8_local,150.000,254,96000,95988,12,0,0,49995,8,8,1.919885
cluster8_local,150.000,256,96000,95988,12,0,0,49995,8,8,1.919885
cluster8_local,175.000,1,112000,13999,1,98000,0.875,13999,1,1,1.000000
cluster8_local,175.000,2,112000,27998,2,84000,0.75,27998,2,2,1.000000
cluster8_local,175.000,4,112000,55995,5,56000,0.5,49996,4,4,1.120000
cluster8_local,175.000,8,112000,111986,14,0,0,49996,8,8,2.239821
cluster8_local,175.000,16,112000,111986,14,0,0,49996,8,8,2.239821
cluster8_local,175.000,32,112000,111986,14,0,0,49996,8,8,2.239821
cluster8_local,175.000,64,112000,111986,14,0,0,49996,8,8,2.239821
cluster8_local,175.000,96,112000,111986,14,0,0,49996,8,8,2.239821
cluster8_local,175.000,128,112000,111986,14,0,0,49996,8,8,2.239821
cluster8_local,175.000,160,112000,111986,14,0,0,49996,8,8,2.239821
cluster8_local,175.000,192,112000,111986,14,0,0,49996,8,8,2.239821
cluster8_local,175.000,224,112000,111986,14,0,0,49996,8,8,2.239821
cluster8_local,175.000,240,112000,111986,14,0,0,49996,8,8,2.239821
cluster8_local,175.000,244,112000,111986,14,0,0,49996,8,8,2.239821
cluster8_local,175.000,248,112000,111986,14,0,0,49996,8,8,2.239821
cluster8_local,175.000,252,112000,111986,14,0,0,49996,8,8,2.239821
cluster8_local,175.000,254,112000,111986,14,0,0,49996,8,8,2.239821
cluster8_local,175.000,256,112000,111986,14,0,0,49996,8,8,2.239821
cluster8_local,200.000,1,128000,15999,1,112000,0.875,15999,1,1,1.000000
cluster8_local,200.000,2,128000,31998,2,96000,0.75,31998,2,2,1.000000
cluster8_local,200.000,4,128000,63995,5,64000,0.5,49996,4,4,1.280000
cluster8_local,200.000,8,128000,127985,15,0,0,49996,8,8,2.559795
cluster8_local,200.000,16,128000,127985,15,0,0,49996,8,8,2.559795
cluster8_local,200.000,32,128000,127985,15,0,0,49996,8,8,2.559795
cluster8_local,200.000,64,128000,127985,15,0,0,49996,8,8,2.559795
cluster8_local,200.000,96,128000,127985,15,0,0,49996,8,8,2.559795
cluster8_local,200.000,128,128000,127985,15,0,0,49996,8,8,2.559795
cluster8_local,200.000,160,128000,127985,15,0,0,49996,8,8,2.559795
cluster8_local,200.000,192,128000,127985,15,0,0,49996,8,8,2.559795
cluster8_local,200.000,224,128000,127985,15,0,0,49996,8,8,2.559795
cluster8_local,200.000,240,128000,127985,15,0,0,49996,8,8,2.559795
cluster8_local,200.000,244,128000,127985,15,0,0,49996,8,8,2.559795
cluster8_local,200.000,248,128000,127985,15,0,0,49996,8,8,2.559795
cluster8_local,200.000,252,128000,127985,15,0,0,49996,8,8,2.559795
cluster8_local,200.000,254,128000,127985,15,0,0,49996,8,8,2.559795
cluster8_local,200.000,256,128000,127985,15,0,0,49996,8,8,2.559795
cluster8_local,225.000,1,143992,17999,0,125993,0.875,17999,1,0,1.000000
cluster8_local,225.000,2,143992,35998,0,107994,0.75,35998,2,0,1.000000
cluster8_local,225.000,4,143992,71994,2,71996,0.5,49997,4,2,1.439949
cluster8_local,225.000,8,143992,143983,9,0,0,49997,8,6,2.879667
cluster8_local,225.000,16,143992,143983,9,0,0,49997,8,6,2.879667
cluster8_local,225.000,32,143992,143983,9,0,0,49997,8,6,2.879667
cluster8_local,225.000,64,143992,143983,9,0,0,49997,8,6,2.879667
cluster8_local,225.000,96,143992,143983,9,0,0,49997,8,6,2.879667
cluster8_local,225.000,128,143992,143983,9,0,0,49997,8,6,2.879667
cluster8_local,225.000,160,143992,143983,9,0,0,49997,8,6,2.879667
cluster8_local,225.000,192,143992,143983,9,0,0,49997,8,6,2.879667
cluster8_local,225.000,224,143992,143983,9,0,0,49997,8,6,2.879667
cluster8_local,225.000,240,143992,143983,9,0,0,49997,8,6,2.879667
cluster8_local,225.000,244,143992,143983,9,0,0,49997,8,6,2.879667
cluster8_local,225.000,248,143992,143983,9,0,0,49997,8,6,2.879667
cluster8_local,225.000,252,143992,143983,9,0,0,49997,8,6,2.879667
cluster8_local,225.000,254,143992,143983,9,0,0,49997,8,6,2.879667
cluster8_local,225.000,256,143992,143983,9,0,0,49997,8,6,2.879667
cluster8_roaming,25.000,1,16000,1999,1,14000,0.875,1999,1,1,1.000000
cluster8_roaming,25.000,2,16000,3998,2,12000,0.75,3998,2,2,1.000000
cluster8_roaming,25.000,4,16000,7996,4,8000,0.5,7996,4,4,1.000000
cluster8_roaming,25.000,8,16000,15992,8,0,0,15992,8,8,1.000000
cluster8_roaming,25.000,16,16000,15992,8,0,0,15992,8,8,1.000000
cluster8_roaming,25.000,32,16000,15992,8,0,0,15992,8,8,1.000000
cluster8_roaming,25.000,64,16000,15992,8,0,0,15992,8,8,1.000000
cluster8_roaming,25.000,96,16000,15992,8,0,0,15992,8,8,1.000000
cluster8_roaming,25.000,128,16000,15992,8,0,0,15992,8,8,1.000000
cluster8_roaming,25.000,160,16000,15992,8,0,0,15992,8,8,1.000000
cluster8_roaming,25.000,192,16000,15992,8,0,0,15992,8,8,1.000000
cluster8_roaming,25.000,224,16000,15992,8,0,0,15992,8,8,1.000000
cluster8_roaming,25.000,240,16000,15992,8,0,0,15992,8,8,1.000000
cluster8_roaming,25.000,244,16000,15992,8,0,0,15992,8,8,1.000000
cluster8_roaming,25.000,248,16000,15992,8,0,0,15992,8,8,1.000000
cluster8_roaming,25.000,252,16000,15992,8,0,0,15992,8,8,1.000000
cluster8_roaming,25.000,254,16000,15992,8,0,0,15992,8,8,1.000000
cluster8_roaming,25.000,256,16000,15992,8,0,0,15992,8,8,1.000000
cluster8_roaming,50.000,1,32000,3999,1,28000,0.875,3999,1,1,1.000000
cluster8_roaming,50.000,2,32000,7998,2,24000,0.75,7998,2,2,1.000000
cluster8_roaming,50.000,4,32000,15996,4,16000,0.5,15996,4,4,1.000000
cluster8_roaming,50.000,8,32000,31992,8,0,0,31992,8,8,1.000000
cluster8_roaming,50.000,16,32000,31992,8,0,0,31992,8,8,1.000000
cluster8_roaming,50.000,32,32000,31992,8,0,0,31992,8,8,1.000000
cluster8_roaming,50.000,64,32000,31992,8,0,0,31992,8,8,1.000000
cluster8_roaming,50.000,96,32000,31992,8,0,0,31992,8,8,1.000000
cluster8_roaming,50.000,128,32000,31992,8,0,0,31992,8,8,1.000000
cluster8_roaming,50.000,160,32000,31992,8,0,0,31992,8,8,1.000000
cluster8_roaming,50.000,192,32000,31992,8,0,0,31992,8,8,1.000000
cluster8_roaming,50.000,224,32000,31992,8,0,0,31992,8,8,1.000000
cluster8_roaming,50.000,240,32000,31992,8,0,0,31992,8,8,1.000000
cluster8_roaming,50.000,244,32000,31992,8,0,0,31992,8,8,1.000000
cluster8_roaming,50.000,248,32000,31992,8,0,0,31992,8,8,1.000000
cluster8_roaming,50.000,252,32000,31992,8,0,0,31992,8,8,1.000000
cluster8_roaming,50.000,254,32000,31992,8,0,0,31992,8,8,1.000000
cluster8_roaming,50.000,256,32000,31992,8,0,0,31992,8,8,1.000000
cluster8_roaming,75.000,1,48000,5999,1,42000,0.875,5999,1,1,1.000000
cluster8_roaming,75.000,2,48000,11998,2,36000,0.75,11998,2,2,1.000000
cluster8_roaming,75.000,4,48000,23996,4,24000,0.5,23996,4,4,1.000000
cluster8_roaming,75.000,8,48000,47992,8,0,0,47992,8,8,1.000000
cluster8_roaming,75.000,16,48000,47992,8,0,0,47992,8,8,1.000000
cluster8_roaming,75.000,32,48000,47992,8,0,0,47992,8,8,1.000000
cluster8_roaming,75.000,64,48000,47992,8,0,0,47992,8,8,1.000000
cluster8_roaming,75.000,96,48000,47992,8,0,0,47992,8,8,1.000000
cluster8_roaming,75.000,128,48000,47992,8,0,0,47992,8,8,1.000000
cluster8_roaming,75.000,160,48000,47992,8,0,0,47992,8,8,1.000000
cluster8_roaming,75.000,192,48000,47992,8,0,0,47992,8,8,1.000000
cluster8_roaming,75.000,224,48000,47992,8,0,0,47992,8,8,1.000000
cluster8_roaming,75.000,240,48000,47992,8,0,0,47992,8,8,1.000000
cluster8_roaming,75.000,244,48000,47992,8,0,0,47992,8,8,1.000000
cluster8_roaming,75.000,248,48000,47992,8,0,0,47992,8,8,1.000000
cluster8_roaming,75.000,252,48000,47992,8,0,0,47992,8,8,1.000000
cluster8_roaming,75.000,254,48000,47992,8,0,0,47992,8,8,1.000000
cluster8_roaming,75.000,256,48000,47992,8,0,0,47992,8,8,1.000000
cluster8_roaming,100.000,1,63992,7999,0,55993,0.875,7999,1,0,1.000000
cluster8_roaming,100.000,2,63992,15998,0,47994,0.75,15998,2,0,1.000000
cluster8_roaming,100.000,4,63992,31996,0,31996,0.5,31996,4,0,1.000000
cluster8_roaming,100.000,8,63992,50424,2,13566,0.211995249,49993,8,2,1.008621
cluster8_roaming,100.000,16,63992,52463,10,11519,0.180006876,49993,16,10,1.049397
cluster8_roaming,100.000,32,63992,56327,26,7639,0.119374297,49993,32,26,1.126632
cluster8_roaming,100.000,64,63992,62485,70,1437,0.022455932,49993,64,58,1.249825
cluster8_roaming,100.000,96,63992,63910,82,0,0,49993,93,70,1.278229
cluster8_roaming,100.000,128,63992,63910,82,0,0,49993,93,70,1.278229
cluster8_roaming,100.000,160,63992,63910,82,0,0,49993,93,70,1.278229
cluster8_roaming,100.000,192,63992,63910,82,0,0,49993,93,70,1.278229
cluster8_roaming,100.000,224,63992,63910,82,0,0,49993,93,70,1.278229
cluster8_roaming,100.000,240,63992,63910,82,0,0,49993,93,70,1.278229
cluster8_roaming,100.000,244,63992,63910,82,0,0,49993,93,70,1.278229
cluster8_roaming,100.000,248,63992,63910,82,0,0,49993,93,70,1.278229
cluster8_roaming,100.000,252,63992,63910,82,0,0,49993,93,70,1.278229
cluster8_roaming,100.000,254,63992,63910,82,0,0,49993,93,70,1.278229
cluster8_roaming,100.000,256,63992,63910,82,0,0,49993,93,70,1.278229
cluster8_roaming,125.000,1,79992,9999,0,69993,0.875,9999,1,0,1.000000
cluster8_roaming,125.000,2,79992,19998,0,59994,0.75,19998,2,0,1.000000
cluster8_roaming,125.000,4,79992,39996,0,39996,0.5,39996,4,0,1.000000
cluster8_roaming,125.000,8,79992,50942,4,29046,0.363111311,49994,8,4,1.018961
cluster8_roaming,125.000,16,79992,53377,12,26603,0.332570757,49994,16,12,1.067652
cluster8_roaming,125.000,32,79992,58161,31,21800,0.272527253,49994,32,28,1.163328
cluster8_roaming,125.000,64,79992,67870,67,12055,0.15070257,49994,64,54,1.357437
cluster8_roaming,125.000,96,79992,76289,106,3597,0.0449669967,49994,96,77,1.525733
cluster8_roaming,125.000,128,79992,79763,133,96,0.00120012001,49994,128,96,1.595049
cluster8_roaming,125.000,160,79992,79865,127,0,0,49994,149,91,1.597125
cluster8_roaming,125.000,192,79992,79865,127,0,0,49994,149,91,1.597125
cluster8_roaming,125.000,224,79992,79865,127,0,0,49994,149,91,1.597125
cluster8_roaming,125.000,240,79992,79865,127,0,0,49994,149,91,1.597125
cluster8_roaming,125.000,244,79992,79865,127,0,0,49994,149,91,1.597125
cluster8_roaming,125.000,248,79992,79865,127,0,0,49994,149,91,1.597125
cluster8_roaming,125.000,252,79992,79865,127,0,0,49994,149,91,1.597125
cluster8_roaming,125.000,254,79992,79865,127,0,0,49994,149,91,1.597125
cluster8_roaming,125.000,256,79992,79865,127,0,0,49994,149,91,1.597125
cluster8_roaming,150.000,1,96000,11999,1,84000,0.875,11999,1,1,1.000000
cluster8_roaming,150.000,2,96000,23998,2,72000,0.75,23998,2,2,1.000000
cluster8_roaming,150.000,4,96000,47996,4,48000,0.5,47996,4,4,1.000000
cluster8_roaming,150.000,8,96000,51522,8,44470,0.463229167,49995,8,8,1.030538
cluster8_roaming,150.000,16,96000,54536,16,41448,0.43175,49995,16,16,1.090800
cluster8_roaming,150.000,32,96000,60646,37,35317,0.367885417,49995,32,32,1.213005
cluster8_roaming,150.000,64,96000,72074,70,23856,0.2485,49995,64,64,1.441179
cluster8_roaming,150.000,96,96000,83577,130,12293,0.128052083,49995,96,96,1.671099
cluster8_roaming,150.000,128,96000,93049,179,2772,0.028875,49995,128,127,1.860022
cluster8_roaming,150.000,160,96000,95794,178,28,0.000291666667,49995,160,132,1.914577
cluster8_roaming,150.000,192,96000,95822,178,0,0,49995,171,132,1.915136
cluster8_roaming,150.000,224,96000,95822,178,0,0,49995,171,132,1.915136
cluster8_roaming,150.000,240,96000,95822,178,0,0,49995,171,132,1.915136
cluster8_roaming,150.000,244,96000,95822,178,0,0,49995,171,132,1.915136
cluster8_roaming,150.000,248,96000,95822,178,0,0,49995,171,132,1.915136
cluster8_roaming,150.000,252,96000,95822,178,0,0,49995,171,132,1.915136
cluster8_roaming,150.000,254,96000,95822,178,0,0,49995,171,132,1.915136
cluster8_roaming,150.000,256,96000,95822,178,0,0,49995,171,132,1.915136
cluster8_roaming,175.000,1,112000,13999,1,98000,0.875,13999,1,1,1.000000
cluster8_roaming,175.000,2,112000,27998,2,84000,0.75,27998,2,2,1.000000
cluster8_roaming,175.000,4,112000,50210,4,61786,0.551660714,49996,4,4,1.004280
cluster8_roaming,175.000,8,112000,51976,9,60015,0.535848214,49996,8,8,1.039617
cluster8_roaming,175.000,16,112000,55396,23,56581,0.5051875,49996,16,14,1.108158
cluster8_roaming,175.000,32,112000,62041,46,49913,0.445651786,49996,32,29,1.241119
cluster8_roaming,175.000,64,112000,75998,88,35914,0.320660714,49996,64,61,1.519987
cluster8_roaming,175.000,96,112000,89339,153,22508,0.200964286,49996,96,89,1.786802
cluster8_roaming,175.000,128,112000,102057,213,9730,0.086875,49996,128,119,2.040706
cluster8_roaming,175.000,160,112000,110847,212,941,0.00840178571,49996,160,129,2.215641
cluster8_roaming,175.000,192,112000,111789,211,0,0,49996,185,126,2.234548
cluster8_roaming,175.000,224,112000,111789,211,0,0,49996,185,126,2.234548
cluster8_roaming,175.000,240,112000,111789,211,0,0,49996,185,126,2.234548
cluster8_roaming,175.000,244,112000,111789,211,0,0,49996,185,126,2.234548
cluster8_roaming,175.000,248,112000,111789,211,0,0,49996,185,126,2.234548
cluster8_roaming,175.000,252,112000,111789,211,0,0,49996,185,126,2.234548
cluster8_roaming,175.000,254,112000,111789,211,0,0,49996,185,126,2.234548
cluster8_roaming,175.000,256,112000,111789,211,0,0,49996,185,126,2.234548
cluster8_roaming,200.000,1,128000,15999,1,112000,0.875,15999,1,1,1.000000
cluster8_roaming,200.000,2,128000,31998,2,96000,0.75,31998,2,2,1.000000
cluster8_roaming,200.000,4,128000,50433,4,77563,0.605960938,49996,4,4,1.008740
cluster8_roaming,200.000,8,128000,52398,8,75594,0.590578125,49996,8,8,1.048036
cluster8_roaming,200.000,16,128000,56406,19,71575,0.559179688,49996,16,16,1.128229
cluster8_roaming,200.000,32,128000,64493,36,63471,0.495867187,49996,32,32,1.289858
cluster8_roaming,200.000,64,128000,80278,79,47643,0.372210938,49996,64,64,1.605214
cluster8_roaming,200.000,96,128000,95794,132,32074,0.250578125,49996,96,96,1.914996
cluster8_roaming,200.000,128,128000,111250,206,16544,0.12925,49996,128,126,2.223694
cluster8_roaming,200.000,160,128000,124184,249,3567,0.0278671875,49996,160,155,2.481167
cluster8_roaming,200.000,192,128000,127729,258,13,0.0001015625,49996,192,158,2.551880
cluster8_roaming,200.000,224,128000,127742,258,0,0,49996,199,158,2.552139
cluster8_roaming,200.000,240,128000,127742,258,0,0,49996,199,158,2.552139
cluster8_roaming,200.000,244,128000,127742,258,0,0,49996,199,158,2.552139
cluster8_roaming,200.000,248,128000,127742,258,0,0,49996,199,158,2.552139
cluster8_roaming,200.000,252,128000,127742,258,0,0,49996,199,158,2.552139
cluster8_roaming,200.000,254,128000,127742,258,0,0,49996,199,158,2.552139
cluster8_roaming,200.000,256,128000,127742,258,0,0,49996,199,158,2.552139
cluster8_roaming,225.000,1,143992,17999,0,125993,0.875,17999,1,0,1.000000
cluster8_roaming,225.000,2,143992,35998,0,107994,0.75,35998,2,0,1.000000
cluster8_roaming,225.000,4,143992,50695,2,93295,0.64791794,49997,4,2,1.013960
cluster8_roaming,225.000,8,143992,52979,6,91007,0.632028168,49997,8,6,1.059636
cluster8_roaming,225.000,16,143992,57394,14,86584,0.601311184,49997,16,14,1.147907
cluster8_roaming,225.000,32,143992,66327,32,77633,0.539148008,49997,32,30,1.326464
cluster8_roaming,225.000,64,143992,84063,70,59859,0.415710595,49997,64,62,1.680677
cluster8_roaming,225.000,96,143992,101645,126,42221,0.293217679,49997,96,94,2.031722
cluster8_roaming,225.000,128,143992,118867,184,24941,0.173211012,49997,128,126,2.375177
cluster8_roaming,225.000,160,143992,135578,252,8162,0.0566837047,49997,160,158,2.708205
cluster8_roaming,225.000,192,143992,143498,314,180,0.00125006945,49997,192,177,2.866265
cluster8_roaming,225.000,224,143992,143674,318,0,0,49997,214,177,2.869853
cluster8_roaming,225.000,240,143992,143674,318,0,0,49997,214,177,2.869853
cluster8_roaming,225.000,244,143992,143674,318,0,0,49997,214,177,2.869853
cluster8_roaming,225.000,248,143992,143674,318,0,0,49997,214,177,2.869853
cluster8_roaming,225.000,252,143992,143674,318,0,0,49997,214,177,2.869853
cluster8_roaming,225.000,254,143992,143674,318,0,0,49997,214,177,2.869853
cluster8_roaming,225.000,256,143992,143674,318,0,0,49997,214,177,2.869853
mix50_iid_cluster8,25.000,1,15999,8998,1,7000,0.437527345,8998,1,1,1.000000
mix50_iid_cluster8,25.000,2,15999,9997,2,6000,0.375023439,9992,2,2,1.000500
mix50_iid_cluster8,25.000,4,15999,11995,4,4000,0.250015626,11983,4,4,1.001001
mix50_iid_cluster8,25.000,8,15999,15991,8,0,0,15963,8,8,1.001753
mix50_iid_cluster8,25.000,16,15999,15991,8,0,0,15963,8,8,1.001753
mix50_iid_cluster8,25.000,32,15999,15991,8,0,0,15963,8,8,1.001753
mix50_iid_cluster8,25.000,64,15999,15991,8,0,0,15963,8,8,1.001753
mix50_iid_cluster8,25.000,96,15999,15991,8,0,0,15963,8,8,1.001753
mix50_iid_cluster8,25.000,128,15999,15991,8,0,0,15963,8,8,1.001753
mix50_iid_cluster8,25.000,160,15999,15991,8,0,0,15963,8,8,1.001753
mix50_iid_cluster8,25.000,192,15999,15991,8,0,0,15963,8,8,1.001753
mix50_iid_cluster8,25.000,224,15999,15991,8,0,0,15963,8,8,1.001753
mix50_iid_cluster8,25.000,240,15999,15991,8,0,0,15963,8,8,1.001753
mix50_iid_cluster8,25.000,244,15999,15991,8,0,0,15963,8,8,1.001753
mix50_iid_cluster8,25.000,248,15999,15991,8,0,0,15963,8,8,1.001753
mix50_iid_cluster8,25.000,252,15999,15991,8,0,0,15963,8,8,1.001753
mix50_iid_cluster8,25.000,254,15999,15991,8,0,0,15963,8,8,1.001753
mix50_iid_cluster8,25.000,256,15999,15991,8,0,0,15963,8,8,1.001753
mix50_iid_cluster8,50.000,1,32000,16058,1,15941,0.49815625,15999,1,1,1.003688
mix50_iid_cluster8,50.000,2,32000,18057,2,13941,0.43565625,17998,2,2,1.003278
mix50_iid_cluster8,50.000,4,32000,22055,4,9941,0.31065625,21996,4,4,1.002682
mix50_iid_cluster8,50.000,8,32000,30051,8,1941,0.06065625,29952,8,8,1.003304
mix50_iid_cluster8,50.000,16,32000,31991,9,0,0,31867,9,9,1.003890
mix50_iid_cluster8,50.000,32,32000,31991,9,0,0,31867,9,9,1.003890
mix50_iid_cluster8,50.000,64,32000,31991,9,0,0,31867,9,9,1.003890
mix50_iid_cluster8,50.000,96,32000,31991,9,0,0,31867,9,9,1.003890
mix50_iid_cluster8,50.000,128,32000,31991,9,0,0,31867,9,9,1.003890
mix50_iid_cluster8,50.000,160,32000,31991,9,0,0,31867,9,9,1.003890
mix50_iid_cluster8,50.000,192,32000,31991,9,0,0,31867,9,9,1.003890
mix50_iid_cluster8,50.000,224,32000,31991,9,0,0,31867,9,9,1.003890
mix50_iid_cluster8,50.000,240,32000,31991,9,0,0,31867,9,9,1.003890
mix50_iid_cluster8,50.000,244,32000,31991,9,0,0,31867,9,9,1.003890
mix50_iid_cluster8,50.000,248,32000,31991,9,0,0,31867,9,9,1.003890
mix50_iid_cluster8,50.000,252,32000,31991,9,0,0,31867,9,9,1.003890
mix50_iid_cluster8,50.000,254,32000,31991,9,0,0,31867,9,9,1.003890
mix50_iid_cluster8,50.000,256,32000,31991,9,0,0,31867,9,9,1.003890
mix50_iid_cluster8,75.000,1,47999,25056,1,22942,0.477968291,24998,1,1,1.002320
mix50_iid_cluster8,75.000,2,47999,28055,2,19942,0.415466989,27991,2,2,1.002286
mix50_iid_cluster8,75.000,4,47999,34053,4,13942,0.290464385,33940,4,4,1.003329
mix50_iid_cluster8,75.000,8,47999,46049,8,1942,0.0404591762,45716,8,8,1.007283
mix50_iid_cluster8,75.000,16,47999,47991,8,0,0,47606,9,8,1.008086
mix50_iid_cluster8,75.000,32,47999,47991,8,0,0,47606,9,8,1.008086
mix50_iid_cluster8,75.000,64,47999,47991,8,0,0,47606,9,8,1.008086
mix50_iid_cluster8,75.000,96,47999,47991,8,0,0,47606,9,8,1.008086
mix50_iid_cluster8,75.000,128,47999,47991,8,0,0,47606,9,8,1.008086
mix50_iid_cluster8,75.000,160,47999,47991,8,0,0,47606,9,8,1.008086
mix50_iid_cluster8,75.000,192,47999,47991,8,0,0,47606,9,8,1.008086
mix50_iid_cluster8,75.000,224,47999,47991,8,0,0,47606,9,8,1.008086
mix50_iid_cluster8,75.000,240,47999,47991,8,0,0,47606,9,8,1.008086
mix50_iid_cluster8,75.000,244,47999,47991,8,0,0,47606,9,8,1.008086
mix50_iid_cluster8,75.000,248,47999,47991,8,0,0,47606,9,8,1.008086
mix50_iid_cluster8,75.000,252,47999,47991,8,0,0,47606,9,8,1.008086
mix50_iid_cluster8,75.000,254,47999,47991,8,0,0,47606,9,8,1.008086
mix50_iid_cluster8,75.000,256,47999,47991,8,0,0,47606,9,8,1.008086
mix50_iid_cluster8,100.000,1,64000,32156,1,31843,0.497546875,31999,1,1,1.004906
mix50_iid_cluster8,100.000,2,64000,36155,2,27843,0.435046875,35998,2,2,1.004361
mix50_iid_cluster8,100.000,4,64000,44153,4,19843,0.310046875,43916,4,4,1.005396
mix50_iid_cluster8,100.000,8,64000,51071,8,12921,0.201890625,49994,8,8,1.021539
mix50_iid_cluster8,100.000,16,64000,53040,16,10944,0.171,49994,16,16,1.060908
mix50_iid_cluster8,100.000,32,64000,56809,33,7158,0.11184375,49994,32,32,1.136249
mix50_iid_cluster8,100.000,64,64000,63270,69,661,0.010328125,49994,64,63,1.265338
mix50_iid_cluster8,100.000,96,64000,63931,69,0,0,49994,81,62,1.278568
mix50_iid_cluster8,100.000,128,64000,63931,69,0,0,49994,81,62,1.278568
mix50_iid_cluster8,100.000,160,64000,63931,69,0,0,49994,81,62,1.278568
mix50_iid_cluster8,100.000,192,64000,63931,69,0,0,49994,81,62,1.278568
mix50_iid_cluster8,100.000,224,64000,63931,69,0,0,49994,81,62,1.278568
mix50_iid_cluster8,100.000,240,64000,63931,69,0,0,49994,81,62,1.278568
mix50_iid_cluster8,100.000,244,64000,63931,69,0,0,49994,81,62,1.278568
mix50_iid_cluster8,100.000,248,64000,63931,69,0,0,49994,81,62,1.278568
mix50_iid_cluster8,100.000,252,64000,63931,69,0,0,49994,81,62,1.278568
mix50_iid_cluster8,100.000,254,64000,63931,69,0,0,49994,81,62,1.278568
mix50_iid_cluster8,100.000,256,64000,63931,69,0,0,49994,81,62,1.278568
mix50_iid_cluster8,125.000,1,80000,40144,1,39855,0.4981875,39999,1,1,1.003625
mix50_iid_cluster8,125.000,2,80000,45143,2,34855,0.4356875,44998,2,2,1.003222
mix50_iid_cluster8,125.000,4,80000,50516,4,29480,0.3685,49995,4,4,1.010420
mix50_iid_cluster8,125.000,8,80000,51764,8,28228,0.35285,49997,8,8,1.035336
mix50_iid_cluster8,125.000,16,80000,54218,17,25765,0.3220625,49997,16,16,1.084418
mix50_iid_cluster8,125.000,32,80000,59220,35,20745,0.2593125,49997,32,32,1.184413
mix50_iid_cluster8,125.000,64,80000,68840,78,11082,0.138525,49997,64,63,1.376708
mix50_iid_cluster8,125.000,96,80000,77686,115,2199,0.0274875,49997,96,90,1.553317
mix50_iid_cluster8,125.000,128,80000,79874,126,0,0,49997,124,95,1.597061
mix50_iid_cluster8,125.000,160,80000,79874,126,0,0,49997,124,95,1.597061
mix50_iid_cluster8,125.000,192,80000,79874,126,0,0,49997,124,95,1.597061
mix50_iid_cluster8,125.000,224,80000,79874,126,0,0,49997,124,95,1.597061
mix50_iid_cluster8,125.000,240,80000,79874,126,0,0,49997,124,95,1.597061
mix50_iid_cluster8,125.000,244,80000,79874,126,0,0,49997,124,95,1.597061
mix50_iid_cluster8,125.000,248,80000,79874,126,0,0,49997,124,95,1.597061
mix50_iid_cluster8,125.000,252,80000,79874,126,0,0,49997,124,95,1.597061
mix50_iid_cluster8,125.000,254,80000,79874,126,0,0,49997,124,95,1.597061
mix50_iid_cluster8,125.000,256,80000,79874,126,0,0,49997,124,95,1.597061
mix50_iid_cluster8,150.000,1,95999,50132,1,45866,0.47777581,49998,1,1,1.002680
mix50_iid_cluster8,150.000,2,95999,50478,2,45519,0.474161189,49998,2,2,1.009600
mix50_iid_cluster8,150.000,4,95999,51257,5,44737,0.466015271,49998,4,4,1.025199
mix50_iid_cluster8,150.000,8,95999,52677,9,43313,0.451181783,49998,8,8,1.053594
mix50_iid_cluster8,150.000,16,95999,55707,19,40273,0.419514787,49998,16,16,1.114208
mix50_iid_cluster8,150.000,32,95999,61550,38,34411,0.358451651,49998,32,32,1.231021
mix50_iid_cluster8,150.000,64,95999,72908,74,23017,0.239762914,49998,64,64,1.457832
mix50_iid_cluster8,150.000,96,95999,84614,127,11258,0.117272055,49998,96,96,1.691640
mix50_iid_cluster8,150.000,128,95999,94474,175,1350,0.0140626465,49998,128,123,1.888410
mix50_iid_cluster8,150.000,160,95999,95817,182,0,0,49998,147,124,1.915307
mix50_iid_cluster8,150.000,192,95999,95817,182,0,0,49998,147,124,1.915307
mix50_iid_cluster8,150.000,224,95999,95817,182,0,0,49998,147,124,1.915307
mix50_iid_cluster8,150.000,240,95999,95817,182,0,0,49998,147,124,1.915307
mix50_iid_cluster8,150.000,244,95999,95817,182,0,0,49998,147,124,1.915307
mix50_iid_cluster8,150.000,248,95999,95817,182,0,0,49998,147,124,1.915307
mix50_iid_cluster8,150.000,252,95999,95817,182,0,0,49998,147,124,1.915307
mix50_iid_cluster8,150.000,254,95999,95817,182,0,0,49998,147,124,1.915307
mix50_iid_cluster8,150.000,256,95999,95817,182,0,0,49998,147,124,1.915307
mix50_iid_cluster8,175.000,1,112000,50239,2,61759,0.551419643,49999,1,1,1.004820
mix50_iid_cluster8,175.000,2,112000,50643,3,61354,0.547803571,49999,2,2,1.012900
mix50_iid_cluster8,175.000,4,112000,51535,5,60460,0.539821429,49999,4,4,1.030738
mix50_iid_cluster8,175.000,8,112000,53292,9,58699,0.524098214,49999,8,8,1.065871
mix50_iid_cluster8,175.000,16,112000,56728,18,55254,0.493339286,49999,16,16,1.134580
mix50_iid_cluster8,175.000,32,112000,63806,39,48155,0.429955357,49999,32,32,1.276109
mix50_iid_cluster8,175.000,64,112000,77549,86,34365,0.306830357,49999,64,64,1.550746
mix50_iid_cluster8,175.000,96,112000,90877,142,20981,0.187330357,49999,96,96,1.816928
mix50_iid_cluster8,175.000,128,112000,104184,202,7614,0.0679821429,49999,128,128,2.082431
mix50_iid_cluster8,175.000,160,112000,111662,243,95,0.000848214286,49999,160,144,2.231717
mix50_iid_cluster8,175.000,192,112000,111757,243,0,0,49999,169,144,2.233612
mix50_iid_cluster8,175.000,224,112000,111757,243,0,0,49999,169,144,2.233612
mix50_iid_cluster8,175.000,240,112000,111757,243,0,0,49999,169,144,2.233612
mix50_iid_cluster8,175.000,244,112000,111757,243,0,0,49999,169,144,2.233612
mix50_iid_cluster8,175.000,248,112000,111757,243,0,0,49999,169,144,2.233612
mix50_iid_cluster8,175.000,252,112000,111757,243,0,0,49999,169,144,2.233612
mix50_iid_cluster8,175.000,254,112000,111757,243,0,0,49999,169,144,2.233612
mix50_iid_cluster8,175.000,256,112000,111757,243,0,0,49999,169,144,2.233612
mix50_iid_cluster8,200.000,1,127992,50243,1,77748,0.607444215,49999,1,1,1.004880
mix50_iid_cluster8,200.000,2,127992,50736,2,77254,0.603584599,49999,2,2,1.014740
mix50_iid_cluster8,200.000,4,127992,51692,4,76296,0.596099756,49999,4,4,1.033858
mix50_iid_cluster8,200.000,8,127992,53682,8,74302,0.580520658,49999,8,8,1.073650
mix50_iid_cluster8,200.000,16,127992,57636,17,70339,0.549557785,49999,16,16,1.152714
mix50_iid_cluster8,200.000,32,127992,65465,36,62491,0.488241453,49999,32,32,1.309208
mix50_iid_cluster8,200.000,64,127992,81279,83,46630,0.364319645,49999,64,63,1.625225
mix50_iid_cluster8,200.000,96,127992,96887,154,30951,0.241819801,49999,96,92,1.937294
mix50_iid_cluster8,200.000,128,127992,112435,219,15338,0.119835615,49999,128,117,2.247865
mix50_iid_cluster8,200.000,160,127992,125843,278,1871,0.0146181011,49999,160,143,2.515277
mix50_iid_cluster8,200.000,192,127992,127687,305,0,0,49999,181,153,2.552082
mix50_iid_cluster8,200.000,224,127992,127687,305,0,0,49999,181,153,2.552082
mix50_iid_cluster8,200.000,240,127992,127687,305,0,0,49999,181,153,2.552082
mix50_iid_cluster8,200.000,244,127992,127687,305,0,0,49999,181,153,2.552082
mix50_iid_cluster8,200.000,248,127992,127687,305,0,0,49999,181,153,2.552082
mix50_iid_cluster8,200.000,252,127992,127687,305,0,0,49999,181,153,2.552082
mix50_iid_cluster8,200.000,254,127992,127687,305,0,0,49999,181,153,2.552082
mix50_iid_cluster8,200.000,256,127992,127687,305,0,0,49999,181,153,2.552082
mix50_iid_cluster8,225.000,1,143991,50395,1,93595,0.650005903,49999,1,1,1.007920
mix50_iid_cluster8,225.000,2,143991,50926,2,93063,0.646311228,49999,2,2,1.018540
mix50_iid_cluster8,225.000,4,143991,52063,4,91924,0.638401011,49999,4,4,1.041278
mix50_iid_cluster8,225.000,8,143991,54277,8,89706,0.622997271,49999,8,8,1.085548
mix50_iid_cluster8,225.000,16,143991,58775,18,85198,0.591689758,49999,16,16,1.175507
mix50_iid_cluster8,225.000,32,143991,67730,40,76221,0.529345584,49999,32,32,1.354560
mix50_iid_cluster8,225.000,64,143991,85571,90,58330,0.405094763,49999,64,64,1.711064
mix50_iid_cluster8,225.000,96,143991,103304,156,40531,0.28148287,49999,96,94,2.065358
mix50_iid_cluster8,225.000,128,143991,121010,226,22755,0.15803071,49999,128,122,2.418866
mix50_iid_cluster8,225.000,160,143991,137382,291,6318,0.0438777424,49999,160,148,2.745389
mix50_iid_cluster8,225.000,192,143991,143654,335,2,1.3889757e-05,49999,192,162,2.870537
mix50_iid_cluster8,225.000,224,143991,143656,335,0,0,49999,194,162,2.870577
mix50_iid_cluster8,225.000,240,143991,143656,335,0,0,49999,194,162,2.870577
mix50_iid_cluster8,225.000,244,143991,143656,335,0,0,49999,194,162,2.870577
mix50_iid_cluster8,225.000,248,143991,143656,335,0,0,49999,194,162,2.870577
mix50_iid_cluster8,225.000,252,143991,143656,335,0,0,49999,194,162,2.870577
mix50_iid_cluster8,225.000,254,143991,143656,335,0,0,49999,194,162,2.870577
mix50_iid_cluster8,225.000,256,143991,143656,335,0,0,49999,194,162,2.870577
injection_all256,25.000,1,15872,62,0,15810,0.99609375,62,1,0,1.000000
injection_all256,25.000,2,15872,124,0,15748,0.9921875,124,2,0,1.000000
injection_all256,25.000,4,15872,248,0,15624,0.984375,248,4,0,1.000000
injection_all256,25.000,8,15872,496,0,15376,0.96875,496,8,0,1.000000
injection_all256,25.000,16,15872,992,0,14880,0.9375,992,16,0,1.000000
injection_all256,25.000,32,15872,1984,0,13888,0.875,1984,32,0,1.000000
injection_all256,25.000,64,15872,3968,0,11904,0.75,3968,64,0,1.000000
injection_all256,25.000,96,15872,5952,0,9920,0.625,5952,96,0,1.000000
injection_all256,25.000,128,15872,7936,0,7936,0.5,7936,128,0,1.000000
injection_all256,25.000,160,15872,9920,0,5952,0.375,9920,160,0,1.000000
injection_all256,25.000,192,15872,11904,0,3968,0.25,11904,192,0,1.000000
injection_all256,25.000,224,15872,13888,0,1984,0.125,13888,224,0,1.000000
injection_all256,25.000,240,15872,14880,0,992,0.0625,14880,240,0,1.000000
injection_all256,25.000,244,15872,15128,0,744,0.046875,15128,244,0,1.000000
injection_all256,25.000,248,15872,15376,0,496,0.03125,15376,248,0,1.000000
injection_all256,25.000,252,15872,15624,0,248,0.015625,15624,252,0,1.000000
injection_all256,25.000,254,15872,15748,0,124,0.0078125,15748,254,0,1.000000
injection_all256,25.000,256,15872,15872,0,0,0,15872,256,0,1.000000
injection_all256,50.000,1,31744,124,0,31620,0.99609375,124,1,0,1.000000
injection_all256,50.000,2,31744,248,0,31496,0.9921875,248,2,0,1.000000
injection_all256,50.000,4,31744,496,0,31248,0.984375,496,4,0,1.000000
injection_all256,50.000,8,31744,992,0,30752,0.96875,992,8,0,1.000000
injection_all256,50.000,16,31744,1984,0,29760,0.9375,1984,16,0,1.000000
injection_all256,50.000,32,31744,3968,0,27776,0.875,3968,32,0,1.000000
injection_all256,50.000,64,31744,7936,0,23808,0.75,7936,64,0,1.000000
injection_all256,50.000,96,31744,11904,0,19840,0.625,11904,96,0,1.000000
injection_all256,50.000,128,31744,15872,0,15872,0.5,15872,128,0,1.000000
injection_all256,50.000,160,31744,19840,0,11904,0.375,19840,160,0,1.000000
injection_all256,50.000,192,31744,23808,0,7936,0.25,23808,192,0,1.000000
injection_all256,50.000,224,31744,27776,0,3968,0.125,27776,224,0,1.000000
injection_all256,50.000,240,31744,29760,0,1984,0.0625,29760,240,0,1.000000
injection_all256,50.000,244,31744,30256,0,1488,0.046875,30256,244,0,1.000000
injection_all256,50.000,248,31744,30752,0,992,0.03125,30752,248,0,1.000000
injection_all256,50.000,252,31744,31248,0,496,0.015625,31248,252,0,1.000000
injection_all256,50.000,254,31744,31496,0,248,0.0078125,31496,254,0,1.000000
injection_all256,50.000,256,31744,31744,0,0,0,31744,256,0,1.000000
injection_all256,75.000,1,47872,187,0,47685,0.99609375,187,1,0,1.000000
injection_all256,75.000,2,47872,374,0,47498,0.9921875,374,2,0,1.000000
injection_all256,75.000,4,47872,748,0,47124,0.984375,748,4,0,1.000000
injection_all256,75.000,8,47872,1496,0,46376,0.96875,1496,8,0,1.000000
injection_all256,75.000,16,47872,2992,0,44880,0.9375,2992,16,0,1.000000
injection_all256,75.000,32,47872,5984,0,41888,0.875,5984,32,0,1.000000
injection_all256,75.000,64,47872,11968,0,35904,0.75,11968,64,0,1.000000
injection_all256,75.000,96,47872,17952,0,29920,0.625,17952,96,0,1.000000
injection_all256,75.000,128,47872,23936,0,23936,0.5,23936,128,0,1.000000
injection_all256,75.000,160,47872,29893,27,17952,0.375,29893,160,27,1.000000
injection_all256,75.000,192,47872,35845,59,11968,0.25,35845,192,59,1.000000
injection_all256,75.000,224,47872,41797,91,5984,0.125,41797,224,91,1.000000
injection_all256,75.000,240,47872,44773,107,2992,0.0625,44773,240,107,1.000000
injection_all256,75.000,244,47872,45517,111,2244,0.046875,45517,244,111,1.000000
injection_all256,75.000,248,47872,46261,115,1496,0.03125,46261,248,115,1.000000
injection_all256,75.000,252,47872,47005,119,748,0.015625,47005,252,119,1.000000
injection_all256,75.000,254,47872,47377,121,374,0.0078125,47377,254,121,1.000000
injection_all256,75.000,256,47872,47749,123,0,0,47749,256,123,1.000000
injection_all256,100.000,1,63744,249,0,63495,0.99609375,249,1,0,1.000000
injection_all256,100.000,2,63744,498,0,63246,0.9921875,498,2,0,1.000000
injection_all256,100.000,4,63744,996,0,62748,0.984375,996,4,0,1.000000
injection_all256,100.000,8,63744,1992,0,61752,0.96875,1992,8,0,1.000000
injection_all256,100.000,16,63744,3984,0,59760,0.9375,3984,16,0,1.000000
injection_all256,100.000,32,63744,7968,0,55776,0.875,7968,32,0,1.000000
injection_all256,100.000,64,63744,15936,0,47808,0.75,15936,64,0,1.000000
injection_all256,100.000,96,63744,23904,0,39840,0.625,23904,96,0,1.000000
injection_all256,100.000,128,63744,31872,0,31872,0.5,31872,128,0,1.000000
injection_all256,100.000,160,63744,39840,0,23904,0.375,39840,160,0,1.000000
injection_all256,100.000,192,63744,47808,0,15936,0.25,47808,192,0,1.000000
injection_all256,100.000,224,63744,55751,25,7968,0.125,49799,224,25,1.119461
injection_all256,100.000,240,63744,59719,41,3984,0.0625,49799,240,41,1.199037
injection_all256,100.000,244,63744,60711,45,2988,0.046875,49799,244,45,1.218923
injection_all256,100.000,248,63744,61703,49,1992,0.03125,49799,248,49,1.238806
injection_all256,100.000,252,63744,62695,53,996,0.015625,49799,252,53,1.258686
injection_all256,100.000,254,63744,63191,55,498,0.0078125,49799,254,55,1.268624
injection_all256,100.000,256,63744,63687,57,0,0,49799,256,57,1.278562
injection_all256,125.000,1,79872,312,0,79560,0.99609375,312,1,0,1.000000
injection_all256,125.000,2,79872,624,0,79248,0.9921875,624,2,0,1.000000
injection_all256,125.000,4,79872,1248,0,78624,0.984375,1248,4,0,1.000000
injection_all256,125.000,8,79872,2496,0,77376,0.96875,2496,8,0,1.000000
injection_all256,125.000,16,79872,4992,0,74880,0.9375,4992,16,0,1.000000
injection_all256,125.000,32,79872,9984,0,69888,0.875,9984,32,0,1.000000
injection_all256,125.000,64,79872,19968,0,59904,0.75,19968,64,0,1.000000
injection_all256,125.000,96,79872,29936,16,49920,0.625,29936,96,16,1.000000
injection_all256,125.000,128,79872,39888,48,39936,0.5,39888,128,48,1.000000
injection_all256,125.000,160,79872,49840,80,29952,0.375,49840,160,80,1.000000
injection_all256,125.000,192,79872,59792,112,19968,0.25,49840,192,112,1.199231
injection_all256,125.000,224,79872,69744,144,9984,0.125,49840,224,144,1.398207
injection_all256,125.000,240,79872,74720,160,4992,0.0625,49840,240,160,1.497600
injection_all256,125.000,244,79872,75960,168,3744,0.046875,49840,244,164,1.522438
injection_all256,125.000,248,79872,77200,176,2496,0.03125,49840,248,168,1.547272
injection_all256,125.000,252,79872,78440,184,1248,0.015625,49840,252,172,1.572103
injection_all256,125.000,254,79872,79060,188,624,0.0078125,49840,254,174,1.584516
injection_all256,125.000,256,79872,79680,192,0,0,49840,256,176,1.596929
injection_all256,150.000,1,96000,374,1,95625,0.99609375,374,1,1,1.000000
injection_all256,150.000,2,96000,748,2,95250,0.9921875,748,2,2,1.000000
injection_all256,150.000,4,96000,1496,4,94500,0.984375,1496,4,4,1.000000
injection_all256,150.000,8,96000,2992,8,93000,0.96875,2992,8,8,1.000000
injection_all256,150.000,16,96000,5984,16,90000,0.9375,5984,16,16,1.000000
injection_all256,150.000,32,96000,11968,32,84000,0.875,11968,32,32,1.000000
injection_all256,150.000,64,96000,23936,64,72000,0.75,23936,64,64,1.000000
injection_all256,150.000,96,96000,35904,96,60000,0.625,35904,96,96,1.000000
injection_all256,150.000,128,96000,47872,128,48000,0.5,47872,128,128,1.000000
injection_all256,150.000,160,96000,59813,187,36000,0.375,49866,160,160,1.199376
injection_all256,150.000,192,96000,71749,251,24000,0.25,49866,192,192,1.438332
injection_all256,150.000,224,96000,83685,315,12000,0.125,49866,224,224,1.676981
injection_all256,150.000,240,96000,89653,347,6000,0.0625,49866,240,240,1.796192
injection_all256,150.000,244,96000,91145,355,4500,0.046875,49866,244,244,1.825983
injection_all256,150.000,248,96000,92637,363,3000,0.03125,49866,248,248,1.855769
injection_all256,150.000,252,96000,94129,371,1500,0.015625,49866,252,252,1.885550
injection_all256,150.000,254,96000,94875,375,750,0.0078125,49866,254,254,1.900439
injection_all256,150.000,256,96000,95621,379,0,0,49866,256,256,1.915327
injection_all256,175.000,1,111872,437,0,111435,0.99609375,437,1,0,1.000000
injection_all256,175.000,2,111872,874,0,110998,0.9921875,874,2,0,1.000000
injection_all256,175.000,4,111872,1748,0,110124,0.984375,1748,4,0,1.000000
injection_all256,175.000,8,111872,3496,0,108376,0.96875,3496,8,0,1.000000
injection_all256,175.000,16,111872,6992,0,104880,0.9375,6992,16,0,1.000000
injection_all256,175.000,32,111872,13984,0,97888,0.875,13984,32,0,1.000000
injection_all256,175.000,64,111872,27961,7,83904,0.75,27961,64,7,1.000000
injection_all256,175.000,96,111872,41913,39,69920,0.625,41913,96,39,1.000000
injection_all256,175.000,128,111872,55865,71,55936,0.5,49885,128,71,1.119705
injection_all256,175.000,160,111872,69817,103,41952,0.375,49885,160,103,1.398736
injection_all256,175.000,192,111872,83748,156,27968,0.25,49885,192,135,1.677409
injection_all256,175.000,224,111872,97668,220,13984,0.125,49885,224,167,1.955726
injection_all256,175.000,240,111872,104628,252,6992,0.0625,49885,240,183,2.094751
injection_all256,175.000,244,111872,106368,260,5244,0.046875,49885,244,187,2.129494
injection_all256,175.000,248,111872,108108,268,3496,0.03125,49885,248,191,2.164230
injection_all256,175.000,252,111872,109848,276,1748,0.015625,49885,252,195,2.198962
injection_all256,175.000,254,111872,110718,280,874,0.0078125,49885,254,197,2.216325
injection_all256,175.000,256,111872,111588,284,0,0,49885,256,199,2.233687
injection_all256,200.000,1,128000,499,1,127500,0.99609375,499,1,1,1.000000
injection_all256,200.000,2,128000,998,2,127000,0.9921875,998,2,2,1.000000
injection_all256,200.000,4,128000,1996,4,126000,0.984375,1996,4,4,1.000000
injection_all256,200.000,8,128000,3992,8,124000,0.96875,3992,8,8,1.000000
injection_all256,200.000,16,128000,7984,16,120000,0.9375,7984,16,16,1.000000
injection_all256,200.000,32,128000,15968,32,112000,0.875,15968,32,32,1.000000
injection_all256,200.000,64,128000,31936,64,96000,0.75,31936,64,64,1.000000
injection_all256,200.000,96,128000,47904,96,80000,0.625,47904,96,96,1.000000
injection_all256,200.000,128,128000,63844,156,64000,0.5,49900,128,128,1.279284
injection_all256,200.000,160,128000,79780,220,48000,0.375,49900,160,160,1.598082
injection_all256,200.000,192,128000,95716,284,32000,0.25,49900,192,192,1.916474
injection_all256,200.000,224,128000,111628,372,16000,0.125,49900,224,224,2.234459
injection_all256,200.000,240,128000,119580,420,8000,0.0625,49900,240,240,2.393299
injection_all256,200.000,244,128000,121568,432,6000,0.046875,49900,244,244,2.432993
injection_all256,200.000,248,128000,123556,444,4000,0.03125,49900,248,248,2.472681
injection_all256,200.000,252,128000,125544,456,2000,0.015625,49900,252,252,2.512362
injection_all256,200.000,254,128000,126538,462,1000,0.0078125,49900,254,254,2.532201
injection_all256,200.000,256,128000,127532,468,0,0,49900,256,256,2.552038
injection_all256,225.000,1,143872,562,0,143310,0.99609375,562,1,0,1.000000
injection_all256,225.000,2,143872,1124,0,142748,0.9921875,1124,2,0,1.000000
injection_all256,225.000,4,143872,2248,0,141624,0.984375,2248,4,0,1.000000
injection_all256,225.000,8,143872,4496,0,139376,0.96875,4496,8,0,1.000000
injection_all256,225.000,16,143872,8992,0,134880,0.9375,8992,16,0,1.000000
injection_all256,225.000,32,143872,17984,0,125888,0.875,17984,32,0,1.000000
injection_all256,225.000,64,143872,35948,20,107904,0.75,35948,64,20,1.000000
injection_all256,225.000,96,143872,53900,52,89920,0.625,49911,96,52,1.079839
injection_all256,225.000,128,143872,71852,84,71936,0.5,49911,128,84,1.438864
injection_all256,225.000,160,143872,89777,143,53952,0.375,49911,160,116,1.797429
injection_all256,225.000,192,143872,107697,207,35968,0.25,49911,192,148,2.155536
injection_all256,225.000,224,143872,125615,273,17984,0.125,49911,224,180,2.513186
injection_all256,225.000,240,143872,134559,321,8992,0.0625,49911,240,196,2.691839
injection_all256,225.000,244,143872,136795,333,6744,0.046875,49911,244,200,2.736485
injection_all256,225.000,248,143872,139031,345,4496,0.03125,49911,248,204,2.781123
injection_all256,225.000,252,143872,141267,357,2248,0.015625,49911,252,208,2.825755
injection_all256,225.000,254,143872,142385,363,1124,0.0078125,49911,254,210,2.848068
injection_all256,225.000,256,143872,143503,369,0,0,49911,256,212,2.870379
